id,Sex,Length,Diameter,Height,Weight,Shucked Weight,Viscera Weight,Shell Weight,Age
0,F,1.5,1.175,0.3875,35.6920205,15.762322,8.03708325,9.2135875,15.0
1,M,1.425,1.1,0.375,27.54153925,13.39513875,6.860579,7.5126175,9.0
2,F,1.775,1.4375,0.5125,49.2430815,23.71435675,10.16329575,12.6155275,10.0
3,F,1.3625,1.05,0.35,19.901349,8.68912175,4.43669675,6.23689,12.0
4,M,1.3375,1.0,0.2875,20.11397025,9.015141,3.75630875,5.2446575,8.0
5,M,1.3,0.9875,0.3125,16.8679525,7.24329725,3.55786225,4.7910655,10.0
6,F,1.525,1.2,0.35,28.81726675,11.1413535,6.95980225,7.427569,10.0
7,I,1.1,0.85,0.3,12.37455675,5.329706,2.33883375,3.96893,8.0
8,F,1.35,1.025,0.35,23.7285315,10.9145575,5.0178615,6.80388,8.0
9,M,1.375,1.1,0.375,27.0737725,12.00601325,6.7755305,9.07184,10.0
10,M,1.525,1.15,0.3875,29.1149365,12.643877,6.577084,8.9867915,17.0
11,M,1.2875,1.0625,0.375,24.6924145,11.623295,5.556502,7.2291225,7.0
12,I,1.1375,0.875,0.3375,12.34620725,4.91863825,2.70737725,4.1106775,11.0
13,F,1.5375,1.25,0.4375,37.74735925,15.025235,7.767763,12.0485375,18.0
14,F,1.4375,1.1875,0.425,24.76328825,12.34620725,4.86193925,6.23689,10.0
15,F,1.55,1.25,0.4375,34.6147395,15.52135125,6.90310325,11.056305,10.0
16,I,1.1875,0.9625,0.275,14.81261375,6.9456275,2.948348,4.422522,9.0
17,I,0.3875,0.3125,0.1125,0.77961125,0.2551455,0.226796,0.2551455,5.0
18,F,0.9375,0.6875,0.2375,6.76135575,2.6365035,1.6159215,2.26796,7.0
19,F,1.5375,1.175,0.375,31.14192575,13.5227115,6.690482,7.0590255,11.0
20,M,1.2875,1.0,0.3375,20.70930975,7.15824875,5.59902625,5.5281525,10.0
21,I,1.0,0.775,0.25,8.901743,3.78465825,1.871067,2.65067825,8.0
22,M,1.5125,1.225,0.4375,36.117263,14.35902175,7.64019025,11.4815475,14.0
23,F,1.45,1.125,0.4125,26.09571475,10.8011595,5.216308,9.2135875,14.0
24,I,0.5875,0.4375,0.1,1.82854275,0.75126175,0.510291,0.56699,4.0
25,M,1.4625,1.1875,0.4125,35.42270025,12.26115875,4.8477645,11.623295,17.0
26,F,1.5,1.1875,0.4125,29.44095575,13.65028425,7.3992195,8.50485,9.0
27,F,1.65,1.2875,0.425,38.612019,16.40018575,8.60407325,12.757275,19.0
28,M,1.6875,1.2875,0.4125,34.1611475,17.42076775,6.690482,9.48290775,11.0
29,F,1.425,1.125,0.4,27.328918,8.9867915,4.97533725,8.50485,20.0
30,I,0.35,0.25,0.0875,0.41106775,0.15592225,0.0850485,0.113398,4.0
31,F,1.1125,0.8375,0.2625,11.169703,4.20990075,2.62232875,3.40194,11.0
32,I,1.0625,0.8625,0.2875,11.679994,4.6776675,1.80019325,3.5436875,8.0
33,I,1.425,1.1125,0.3375,19.80212575,9.76640275,3.95475525,6.23689,9.0
34,F,1.5,1.1875,0.4125,30.83008125,11.49572225,6.350288,8.788345,14.0
35,M,1.2125,0.925,0.3125,14.69921575,5.34388075,3.58621175,4.706017,9.0
36,I,1.425,1.0875,0.375,22.80717275,10.829509,4.52174525,5.8116475,9.0
37,M,1.525,1.2125,0.4625,30.1922175,14.7133905,7.3425205,8.0796075,10.0
38,F,1.4875,1.1625,0.375,26.12406425,9.48290775,5.9250455,7.654365,12.0
39,F,1.525,1.175,0.425,31.1561005,14.628342,6.59125875,8.788345,12.0
40,M,1.4125,1.1,0.375,26.138239,10.77281,5.046211,6.6621325,11.0
41,I,1.3875,1.05,0.375,18.86659225,8.561549,4.40834725,6.80388,9.0
42,M,0.95,0.7625,0.25,7.030676,2.721552,1.7293195,2.4097075,6.0
43,M,1.375,1.075,0.35,18.01610725,7.75358825,4.309124,5.953395,8.0
44,F,1.6375,1.275,0.4125,40.483086,18.21455375,7.98038425,12.757275,10.0
45,I,0.9875,0.725,0.25,7.144074,3.061746,1.6726205,2.26796,7.0
46,M,1.5875,1.2375,0.3875,36.78347625,15.0535845,7.98038425,10.3475675,13.0
47,I,0.775,0.5875,0.1875,3.6003865,1.17650425,0.86465975,1.13398,6.0
48,F,1.45,1.175,0.425,28.64716975,11.15552825,6.6054335,8.0796075,13.0
49,I,0.775,0.5875,0.225,4.43669675,1.6159215,0.963883,1.417475,5.0
50,F,1.6125,1.225,0.4375,36.55668025,17.90270925,8.448151,9.355335,9.0
51,M,1.4375,1.1375,0.3875,28.7180435,12.34620725,5.82582225,8.3631025,10.0
52,M,1.6,1.275,0.325,33.92017675,17.4349425,6.3219385,8.9300925,10.0
53,M,1.6125,1.2625,0.45,37.40716525,19.03668925,8.7032965,9.4970825,10.0
54,F,1.575,1.1875,0.4125,31.524644,13.834556,6.93145275,9.7805775,11.0
55,F,1.4375,1.1,0.3,22.55202725,7.86698625,5.93922025,6.80388,12.0
56,I,1.2375,0.9875,0.3125,16.51358375,7.087375,3.6003865,4.6776675,9.0
57,M,1.5125,1.175,0.4,28.8314415,15.06775925,5.57067675,7.58349125,9.0
58,I,1.1,0.8375,0.2625,12.7856245,6.87475375,2.381358,3.118445,7.0
59,F,1.6375,1.2625,0.45,40.1145425,15.52135125,8.88756825,12.48795475,17.0
60,I,1.175,0.875,0.325,12.94154675,5.74077375,2.778251,3.685435,7.0
61,F,1.5875,1.2875,0.4375,35.777069,13.87708025,7.35669525,11.32562525,10.0
62,I,1.075,0.825,0.275,10.41844125,4.6209685,2.36718325,2.79242575,7.0
63,I,1.175,0.925,0.25,11.3398,5.0745605,2.33883375,3.685435,7.0
64,I,1.4125,1.1,0.4,23.65765775,9.42620875,4.7343665,7.2291225,9.0
65,I,1.1,0.825,0.2875,10.5176645,4.8477645,2.25378525,2.9766975,7.0
66,M,1.45,1.1125,0.4125,25.41532675,11.4248485,6.50621025,8.3631025,10.0
67,I,1.3875,1.1,0.3375,23.85610425,11.07047975,4.3374735,6.80388,8.0
68,M,1.5875,1.275,0.4375,42.354153,13.99047825,9.39785925,15.30873,17.0
69,F,1.5625,1.25,0.3875,38.9805625,15.97494325,7.98038425,11.7650425,21.0
70,M,1.6625,1.2875,0.4375,44.21104525,19.83047525,10.16329575,10.489315,10.0
71,F,1.575,1.225,0.3875,32.16250775,14.47241975,9.8372765,8.788345,11.0
72,M,1.525,1.0625,0.4125,26.7902775,11.58077075,7.55514175,7.087375,8.0
73,I,1.25,0.9625,0.3125,13.90542975,6.5487345,3.61456125,3.5436875,7.0
74,I,0.9625,0.75,0.225,7.81028725,2.7499015,1.0489315,2.26796,6.0
75,I,0.8375,0.65,0.225,5.06038575,2.42388225,1.65844575,1.984465,7.0
76,I,1.1125,0.825,0.3375,16.45688475,4.74854125,3.27436725,5.896696,10.0
77,I,1.3125,1.0,0.3625,20.08562075,7.93786,4.01145425,5.10291,11.0
78,I,0.775,0.5625,0.175,4.082328,1.587572,0.86465975,1.247378,7.0
79,M,1.6125,1.225,0.4,32.2333815,12.7289255,7.52679225,8.68912175,9.0
80,F,1.1,0.9375,0.3125,16.68368075,7.07320025,3.3168915,5.2446575,10.0
81,F,1.525,1.175,0.4125,28.576296,11.92096475,6.30776375,8.0796075,8.0
82,M,1.2,0.9,0.3125,14.69921575,6.2652395,3.288542,4.6776675,10.0
83,M,1.475,1.125,0.375,26.18076325,11.3114505,5.57067675,7.5126175,12.0
84,M,1.3625,1.0625,0.375,25.86891875,10.5176645,5.20213325,8.50485,8.0
85,M,1.4125,1.075,0.3875,22.169309,7.994559,5.03203625,7.7961125,13.0
86,M,1.475,1.175,0.4125,27.0170735,12.303683,6.13766675,7.767763,11.0
87,M,1.25,0.975,0.3125,17.463292,7.04485075,3.04757125,5.5281525,7.0
88,F,1.4375,1.175,0.425,28.576296,10.6877615,6.4920355,9.02931575,15.0
89,F,1.3625,1.075,0.375,24.8625115,12.26115875,4.706017,6.0951425,8.0
90,I,0.875,0.7375,0.2375,7.95203475,3.1467945,1.757669,2.4097075,7.0
91,M,1.65,1.2875,0.4625,39.27823225,13.947954,9.56795625,10.61688775,10.0
92,M,1.45,1.15,0.3625,25.69882175,10.19164525,5.62737575,7.7961125,15.0
93,I,1.3625,1.0875,0.4,20.921931,8.9300925,4.12485225,6.3786375,9.0
94,M,1.625,1.2375,0.4,36.7693015,16.62698175,9.241937,9.2135875,11.0
95,M,1.5375,1.2125,0.3875,29.0582375,14.04717725,7.5126175,8.50485,9.0
96,I,1.4375,1.125,0.3875,26.32251075,10.61688775,5.5848515,7.7961125,10.0
97,M,0.7375,0.5875,0.2,4.06815325,1.5025235,0.793786,1.417475,9.0
98,M,1.4125,1.1,0.3625,26.251637,10.95708175,6.8889285,7.654365,14.0
99,F,1.6,1.2875,0.4,35.096681,16.839603,7.540967,8.9300925,11.0
100,F,1.525,1.2125,0.4,31.51046925,11.8784405,7.37087,9.355335,14.0
101,I,1.2,0.9375,0.3,14.571643,5.28718175,4.025629,4.9611625,9.0
102,I,1.0625,0.8125,0.275,9.73805325,3.95475525,2.36718325,2.83495,7.0
103,F,1.425,1.125,0.3875,33.0271675,15.71979775,6.67630725,8.788345,11.0
104,F,1.65,1.2625,0.475,38.68289275,14.44407025,8.57572375,11.90679,16.0
105,M,1.5125,1.175,0.4,32.89959475,9.1001895,7.824462,10.6310625,14.0
106,I,1.1,0.85,0.3375,14.571643,4.74854125,2.28213475,5.2446575,14.0
107,I,0.775,0.5375,0.1875,3.81300775,1.474174,0.793786,1.190679,5.0
108,F,1.425,1.175,0.4625,33.26813825,13.60776,5.74077375,10.20582,21.0
109,F,1.2625,0.9625,0.35,17.90270925,8.391452,3.72795925,4.819415,8.0
110,M,1.575,1.2,0.4,34.529691,17.16562225,7.35669525,9.922325,12.0
111,M,1.5875,1.2125,0.4125,33.8776525,15.97494325,9.62465525,8.9300925,11.0
112,I,1.2125,0.9875,0.3125,15.3937785,5.896696,3.86970675,4.252425,6.0
113,M,1.4375,1.125,0.375,25.798045,12.3320325,5.11708475,7.5126175,8.0
114,M,1.2,0.975,0.3125,21.4038725,8.8733935,3.7137845,7.5126175,9.0
115,M,1.525,1.15,0.4,28.61882025,12.6722265,6.13766675,7.087375,8.0
116,M,1.3625,1.1,0.3875,25.8263945,9.525432,6.16601625,7.2291225,8.0
117,F,1.5625,1.225,0.4,32.4601775,12.2753335,7.9662095,8.9300925,10.0
118,F,1.7,1.3125,0.4625,44.4236665,19.94387325,10.56018875,11.4815475,11.0
119,M,1.425,1.1125,0.4125,27.68328675,11.3398,5.40057975,8.50485,13.0
120,M,1.6375,1.325,0.5125,51.199197,23.530085,10.70193625,13.891255,12.0
121,M,1.5125,1.1875,0.3875,32.034935,14.514944,7.257472,8.6465975,9.0
122,M,1.4875,1.1625,0.375,29.66775175,13.19669225,6.917278,7.37087,12.0
123,M,1.425,1.1,0.35,26.6201805,8.618248,5.8683465,7.37087,12.0
124,I,1.05,0.7875,0.275,11.5382465,4.37999775,2.08368825,3.2601925,7.0
125,F,1.2,1.0,0.3125,17.50581625,6.90310325,3.742134,7.2291225,13.0
126,I,1.275,0.9375,0.3125,15.3937785,6.5487345,3.345241,4.252425,8.0
127,F,1.5625,1.2125,0.475,37.74735925,13.19669225,9.9506745,11.7650425,16.0
128,M,1.3625,1.05,0.35,23.11901725,10.64523725,4.40834725,6.80388,8.0
129,M,1.6125,1.2625,0.475,37.0527965,17.8885345,9.015141,10.77281,12.0
130,M,1.35,1.0375,0.35,23.79940525,10.6310625,5.2446575,5.386405,8.0
131,F,1.3,1.025,0.375,20.638436,9.07184,4.4508715,5.953395,10.0
132,F,1.6125,1.3,0.4625,38.96638775,12.82814875,7.41339425,12.5021295,17.0
133,I,1.3125,1.0,0.3125,19.17843675,9.07184,4.46504625,5.2446575,8.0
134,F,1.5375,1.175,0.4625,31.127751,14.4298955,6.67630725,8.6465975,10.0
135,I,0.975,0.725,0.2375,7.55514175,3.55786225,1.91359125,2.2963095,7.0
136,M,1.425,1.0375,0.325,17.95940825,8.54737425,4.60679375,4.9611625,8.0
137,I,1.2125,0.9,0.275,14.7133905,5.953395,3.118445,4.1106775,8.0
138,M,1.5375,1.2625,0.3875,37.137845,15.18115725,7.98038425,9.2135875,9.0
139,I,1.375,1.0125,0.3625,23.40251225,8.788345,4.195726,5.2446575,11.0
140,M,1.625,1.2375,0.4,32.5479465,15.7906715,6.2652395,8.9300925,9.0
141,I,0.8,0.675,0.225,5.96756975,2.381358,1.5025235,1.984465,7.0
142,M,1.4375,1.125,0.3875,26.988724,10.75863525,6.0951425,8.0796075,13.0
143,F,1.5625,1.2125,0.4875,36.61337925,14.401546,7.89533575,11.12717875,12.0
144,M,1.6125,1.25,0.4,40.44056175,17.860185,8.4765005,9.7238785,9.0
145,I,1.0125,0.7875,0.25,10.6877615,4.26659975,2.08368825,2.9766975,7.0
146,I,1.15,0.875,0.3125,15.49300175,6.02426875,3.30271675,4.819415,13.0
147,F,1.575,1.2375,0.375,32.16250775,13.73533275,8.3631025,8.9300925,11.0
148,I,1.0625,0.8375,0.2875,9.979024,3.86970675,2.0128145,2.83495,10.0
149,M,1.575,1.2,0.4375,32.772022,13.99047825,7.767763,8.9300925,12.0
150,M,1.675,1.3125,0.475,45.7277435,17.59086475,9.07184,12.0485375,11.0
151,F,1.45,1.125,0.375,28.292801,12.62970225,6.22271525,8.0796075,11.0
152,M,1.425,1.1,0.425,24.9192105,8.845044,5.25883225,7.5126175,12.0
153,I,0.8625,0.675,0.225,5.85417175,2.551455,1.03475675,1.984465,6.0
154,I,1.175,0.8875,0.35,14.231449,5.8683465,3.061746,4.53592,14.0
155,F,1.475,1.1375,0.3875,28.519597,11.35397475,6.13766675,9.07184,9.0
156,F,1.4,1.125,0.425,29.69610125,10.78698475,6.25106475,8.0229085,12.0
157,F,1.625,1.2625,0.475,39.2073585,18.6256215,9.865626,10.489315,11.0
158,I,1.075,0.8375,0.25,10.8011595,4.52174525,2.22543575,3.2601925,8.0
159,M,1.4625,1.1375,0.425,35.22425375,15.592225,8.00873375,9.4970825,14.0
160,M,1.6,1.25,0.4875,34.8415355,13.42348825,8.5331995,10.6310625,10.0
161,M,1.5875,1.25,0.4125,36.10308825,17.10892325,8.12213175,9.4970825,9.0
162,F,1.3125,1.025,0.4,21.47474625,7.93786,4.649318,7.087375,12.0
163,I,1.0375,0.8125,0.2875,10.53183925,4.60679375,2.25378525,2.9766975,7.0
164,F,1.15,0.8625,0.275,13.097469,6.123492,3.0333965,3.685435,9.0
165,I,0.5625,0.4,0.1,1.31825175,0.7087375,0.4252425,0.4252425,4.0
166,M,1.45,1.075,0.3125,22.04173625,9.87980075,5.216308,5.8116475,9.0
167,I,1.0,0.775,0.2375,8.12213175,3.92640575,1.9561155,2.25378525,6.0
168,M,1.0875,0.825,0.2875,9.19941275,3.742134,2.36718325,3.2601925,11.0
169,M,1.3125,1.025,0.3125,23.85610425,10.90038275,4.3941725,6.9456275,10.0
170,M,1.625,1.3125,0.4375,37.15201975,16.44271,9.241937,11.4815475,13.0
171,I,1.0375,0.7875,0.25,9.1001895,3.41611475,1.8427175,2.6932025,7.0
172,F,1.725,1.35,0.4375,44.395317,17.67591325,7.881161,13.324265,13.0
173,F,1.35,1.0625,0.3375,24.323871,9.1001895,5.59902625,5.953395,18.0
174,F,1.2,0.9625,0.3,17.30736975,6.633783,3.84135725,5.386405,12.0
175,M,1.55,1.225,0.3625,31.70891575,15.1102835,7.3425205,7.7394135,9.0
176,F,1.175,0.925,0.3125,13.53688625,5.613201,2.99087225,4.252425,10.0
177,M,1.775,1.3875,0.5,53.410458,26.251637,12.8423235,12.47378,11.0
178,F,1.6375,1.3125,0.3875,38.55532,13.93377925,8.80251975,11.90679,13.0
179,F,1.5,1.25,0.375,31.127751,13.99047825,7.257472,9.63883,10.0
180,M,1.425,1.1375,0.375,26.12406425,10.41844125,5.556502,8.6465975,10.0
181,I,0.4875,0.325,0.125,0.8221355,0.340194,0.226796,0.283495,4.0
182,F,1.7375,1.3125,0.5375,59.6189985,25.86891875,11.60912025,16.045817,13.0
183,F,1.675,1.375,0.4,47.230267,19.4761065,10.4042665,13.60776,11.0
184,M,1.325,1.0,0.3375,20.70930975,7.6827145,4.32329875,7.2291225,11.0
185,I,0.9625,0.7125,0.2125,7.427569,3.04757125,1.54504775,1.984465,7.0
186,I,0.8625,0.6375,0.2,4.55009475,2.211261,0.680388,1.417475,7.0
187,I,0.8375,0.65,0.1875,5.783298,1.77184375,1.247378,1.984465,6.0
188,M,1.5375,1.175,0.3875,29.1716355,13.79203175,7.01650125,8.0796075,11.0
189,M,1.2,0.925,0.3375,14.2030995,6.293589,3.33106625,4.819415,11.0
190,I,0.725,0.5375,0.1875,3.40194,1.17650425,0.623689,0.97805775,6.0
191,I,1.025,0.7625,0.225,10.27669375,4.69184225,1.8427175,2.1262125,6.0
192,I,1.2125,0.9125,0.2875,14.61416725,6.98815175,3.005047,4.1673765,8.0
193,F,1.5125,1.2125,0.4,33.12639075,13.65028425,7.484268,7.5126175,10.0
194,F,1.55,1.225,0.4125,34.6147395,15.52135125,7.3992195,8.50485,9.0
195,M,1.5125,1.1625,0.4,31.2694985,13.834556,6.406987,8.50485,9.0
196,I,1.025,0.8125,0.2875,11.2547515,5.556502,2.22543575,2.9199985,8.0
197,M,1.6125,1.275,0.4375,39.24988275,19.504456,8.77417025,10.56018875,11.0
198,I,1.0875,0.85,0.275,9.11436425,3.685435,1.7860185,2.83495,8.0
199,M,1.4375,1.175,0.375,27.499015,14.4865945,5.40057975,7.597666,8.0
200,M,1.2125,0.925,0.3125,16.23008875,5.9817445,4.139027,4.6776675,10.0
201,F,1.6125,1.25,0.4375,41.23434775,16.839603,8.6465975,12.8990225,21.0
202,F,1.35,1.05,0.325,21.8007655,8.46232575,4.3941725,6.3219385,12.0
203,M,1.4375,1.1625,0.3875,29.49765475,15.80484625,6.860579,8.9300925,12.0
204,I,0.4875,0.375,0.125,1.06310625,0.3118445,0.18427175,0.3118445,4.0
205,I,0.6375,0.4625,0.15,2.26796,0.7654365,0.4819415,0.510291,6.0
206,M,1.65,1.3875,0.5,58.7685135,28.8314415,12.96989625,14.5999925,12.0
207,M,1.3125,1.0125,0.35,19.7029025,6.98815175,4.37999775,5.03203625,11.0
208,M,1.4,1.0625,0.3375,22.52367775,8.788345,4.819415,6.7755305,11.0
209,M,1.725,1.375,0.5,53.69921575,25.004259,12.57300325,12.757275,12.0
210,F,1.525,1.2125,0.3875,32.33260475,14.72756525,6.16601625,8.2497045,9.0
211,F,1.6375,1.2875,0.425,38.96638775,18.427175,7.78193775,10.6310625,11.0
212,M,1.5375,1.225,0.375,32.16250775,16.839603,6.010094,8.20718025,9.0
213,I,0.825,0.6375,0.225,5.85417175,2.721552,1.2190285,1.71514475,7.0
214,F,1.675,1.325,0.525,39.41997975,17.08057375,8.46232575,11.3398,10.0
215,I,1.0375,0.7625,0.2375,9.412034,5.17378375,2.2396105,2.83495,7.0
216,M,1.4875,1.15,0.3375,25.92561775,11.12717875,5.48562825,7.93786,9.0
217,I,1.175,0.8875,0.2875,13.0124205,6.0384435,3.30271675,3.8271825,10.0
218,I,1.125,0.875,0.2625,13.664459,6.5487345,3.01922175,3.118445,7.0
219,I,1.075,0.85,0.2625,10.716111,4.23825025,2.3530085,2.9766975,8.0
220,M,1.55,1.2,0.3875,30.57493575,14.628342,6.73300625,7.484268,9.0
221,F,1.45,1.1125,0.3875,27.73998575,11.1413535,6.350288,8.788345,10.0
222,F,1.15,0.875,0.2875,12.37455675,5.499803,2.8066005,3.5436875,11.0
223,F,1.175,0.8875,0.3,13.31009025,5.499803,2.99087225,4.3941725,10.0
224,I,1.0,0.775,0.275,8.63242275,3.9405805,1.80019325,2.83495,7.0
225,I,1.375,1.0625,0.3625,23.48756075,9.87980075,4.94698775,7.2291225,10.0
226,M,1.55,1.2,0.475,32.034935,16.726205,6.520385,8.6465975,10.0
227,M,1.625,1.25,0.4625,37.1094955,13.99047825,9.05766525,12.190285,18.0
228,I,1.125,0.8875,0.3125,13.9196045,6.05261825,3.04757125,3.81300775,8.0
229,I,0.9375,0.6875,0.225,6.7188315,3.061746,1.14815475,2.26796,6.0
230,M,1.475,1.1125,0.35,27.14464625,10.2341695,5.82582225,7.93786,8.0
231,F,1.1,0.8,0.3125,16.159215,8.06543275,3.01922175,4.3941725,8.0
232,M,1.3375,1.1375,0.375,24.323871,11.8217415,5.556502,6.1518415,9.0
233,M,1.5375,1.1375,0.3625,32.78619675,16.96717575,7.27164675,8.3631025,10.0
234,I,1.2,0.9625,0.325,18.71067,8.0796075,4.26659975,4.9611625,9.0
235,I,1.4375,1.1,0.35,24.777463,9.87980075,5.8683465,7.7961125,10.0
236,M,1.4,1.0875,0.375,29.1149365,14.13222575,6.5487345,6.520385,9.0
237,I,1.125,0.875,0.325,10.0073735,4.592619,2.31048425,3.5436875,9.0
238,I,1.0,0.775,0.225,7.8528115,3.40194,1.77184375,2.1262125,6.0
239,M,1.1875,0.9,0.3125,16.76872925,8.164656,3.6003865,4.6776675,8.0
240,M,1.275,0.9625,0.3125,16.9813505,6.7188315,3.04757125,4.3941725,9.0
241,M,1.5625,1.2,0.4,35.76289425,17.56251525,8.051258,8.9867915,8.0
242,M,0.9625,0.7125,0.2125,7.18659825,2.7499015,1.417475,2.551455,10.0
243,M,1.275,0.9875,0.3,15.43630275,7.10154975,3.798833,4.9611625,9.0
244,M,1.5,1.175,0.425,29.1716355,11.63746975,7.0023265,10.20582,14.0
245,M,1.4375,1.125,0.3625,24.5790165,11.4815475,6.27941425,6.633783,13.0
246,M,1.4,1.1,0.325,20.41164,9.525432,3.2601925,6.0951425,10.0
247,F,1.1,0.875,0.2625,14.61416725,6.90310325,2.90582375,3.685435,8.0
248,M,1.35,1.0625,0.3625,20.96445525,8.731646,4.89028875,7.087375,10.0
249,M,1.55,1.2,0.4,34.529691,15.77649675,7.4559185,8.9300925,11.0
250,I,1.5,1.1875,0.4625,30.83008125,14.04717725,6.066793,9.2135875,10.0
251,M,0.9375,0.6875,0.2625,6.80388,2.664853,1.48834875,2.4097075,9.0
252,I,0.975,0.725,0.2875,15.06775925,8.7032965,2.608154,3.8271825,9.0
253,I,0.85,0.6875,0.225,5.85417175,2.211261,1.6726205,1.871067,7.0
254,F,1.3375,1.0875,0.3875,23.88445375,7.3425205,4.4508715,7.7961125,13.0
255,F,1.3875,1.125,0.35,22.77882325,11.43902325,4.52174525,6.10931725,9.0
256,F,1.3875,1.1,0.4125,29.937072,12.757275,7.314171,7.654365,10.0
257,M,1.4375,1.2,0.375,26.94619975,10.5176645,6.6621325,7.93786,10.0
258,I,1.1625,0.9375,0.2875,14.8834875,7.29999625,2.9199985,4.819415,7.0
259,I,0.7375,0.5625,0.225,3.67126025,1.74349425,1.0489315,1.0489315,6.0
260,F,1.7875,1.375,0.45,53.14113775,25.8830935,12.6722265,15.01106025,11.0
261,M,1.25,1.0,0.35,20.3265915,7.75358825,4.422522,7.2291225,8.0
262,F,1.5125,1.175,0.375,29.937072,13.19669225,5.9250455,7.7961125,8.0
263,I,0.875,0.625,0.2125,6.2085405,2.6932025,1.8994165,1.984465,9.0
264,M,1.4875,1.2,0.4375,34.0477495,14.04717725,7.35669525,10.77281,13.0
265,F,1.475,1.1375,0.4,26.9036755,12.77144975,6.78970525,7.7961125,9.0
266,M,1.625,1.2375,0.475,38.82464025,16.4710595,7.427569,10.3475675,12.0
267,F,1.5625,1.1875,0.375,32.0065855,14.401546,6.80388,8.9300925,10.0
268,F,1.575,1.2875,0.4375,35.02580725,16.82542825,6.123492,11.90679,12.0
269,F,1.4,1.15,0.375,23.88445375,7.98038425,4.252425,8.9300925,14.0
270,I,1.6125,1.25,0.375,37.54891275,17.08057375,7.29999625,9.355335,10.0
271,F,1.8,1.4125,0.5,50.972401,24.70658925,9.9506745,12.85649825,11.0
272,I,0.725,0.525,0.175,3.38776525,1.360776,0.52446575,0.850485,6.0
273,F,1.1,0.8625,0.275,11.18387775,4.80524025,2.5798045,3.685435,10.0
274,I,1.4,1.125,0.375,25.231055,11.623295,5.9817445,7.2291225,9.0
275,M,1.5625,1.225,0.4125,35.19590425,16.6411565,7.6260155,9.63883,14.0
276,M,1.5125,1.125,0.35,26.2232875,10.90038275,6.406987,8.278054,9.0
277,F,1.2625,0.975,0.3125,18.55474775,7.78193775,3.92640575,4.819415,15.0
278,M,1.525,1.15,0.3375,26.46425825,13.664459,5.45727875,6.6621325,8.0
279,F,1.3125,1.0,0.35,20.19901875,8.0796075,4.2807745,5.953395,9.0
280,I,1.1625,0.875,0.275,15.83319575,7.1157245,2.8066005,3.33106625,8.0
281,M,1.1875,0.9,0.35,13.8062065,5.499803,3.01922175,4.819415,9.0
282,F,1.55,1.1875,0.3625,24.0687255,9.8939755,5.57067675,7.7961125,12.0
283,F,1.7375,1.375,0.5625,51.29842025,22.226008,11.52407175,12.3320325,11.0
284,I,1.1875,0.925,0.375,13.154168,6.25106475,3.33106625,3.175144,8.0
285,F,1.5375,1.2125,0.4125,34.23202125,13.834556,7.01650125,11.056305,17.0
286,M,1.3,1.0,0.3375,16.40018575,7.35669525,4.32329875,5.896696,12.0
287,M,1.55,1.2375,0.4,29.80949925,12.3320325,5.2446575,10.56018875,9.0
288,M,1.425,1.15,0.425,27.839209,11.4815475,6.16601625,8.0796075,11.0
289,F,1.5375,1.2125,0.425,34.60056475,14.50076925,7.89533575,10.0640725,10.0
290,M,1.425,1.1625,0.3875,26.54930675,10.5176645,6.2085405,8.0796075,12.0
291,M,1.5875,1.2875,0.425,35.62114675,16.499409,8.845044,9.63883,9.0
292,F,1.5,1.1625,0.375,29.9654215,12.82814875,6.78970525,7.087375,9.0
293,M,1.3875,1.1,0.375,25.3728025,13.5794105,5.2446575,7.93786,9.0
294,M,1.5,1.175,0.4,26.2799865,9.51125725,5.96756975,8.221355,11.0
295,M,0.95,0.7625,0.2,7.10154975,2.76407625,1.7860185,2.551455,6.0
296,F,1.5,1.175,0.4625,32.601925,14.47241975,7.2858215,8.9300925,11.0
297,M,1.6,1.2375,0.5,42.2124055,17.95940825,9.99319875,10.77281,17.0
298,I,1.3125,0.9875,0.375,16.82542825,6.8889285,3.7137845,5.953395,16.0
299,M,1.325,1.025,0.35,20.19901875,9.19941275,4.69184225,5.8116475,10.0
300,F,1.7875,1.375,0.4125,34.246196,15.77649675,8.29222875,10.3475675,9.0
301,F,0.875,0.65,0.2,5.8116475,2.211261,1.6726205,1.8427175,13.0
302,M,1.325,1.025,0.3125,20.28406725,8.9867915,4.52174525,5.5281525,9.0
303,M,1.375,1.1,0.3625,22.792998,8.43397625,5.11708475,7.5126175,13.0
304,I,0.875,0.675,0.2375,6.0951425,3.30271675,1.190679,1.8427175,7.0
305,M,1.5,1.1875,0.4,33.12639075,13.65028425,8.63242275,9.355335,13.0
306,F,1.5,1.1625,0.45,31.808139,14.04717725,6.64795775,8.2497045,9.0
307,M,0.9875,0.725,0.275,6.3219385,2.42388225,1.6159215,2.1262125,14.0
308,F,1.6125,1.225,0.4,33.12639075,13.9763035,7.3425205,8.9300925,12.0
309,I,1.3875,1.075,0.4,22.5378525,10.21999475,4.40834725,7.597666,9.0
310,I,1.375,1.125,0.325,22.75047375,10.47514025,4.3941725,6.80388,9.0
311,M,0.7,0.525,0.1625,2.8632995,1.17650425,0.52446575,0.9922325,5.0
312,F,1.4875,1.125,0.3625,27.895908,11.623295,6.1518415,7.5126175,10.0
313,F,1.5125,1.1375,0.3875,28.81726675,11.963489,6.36446275,9.07184,13.0
314,I,1.25,0.975,0.3375,19.17843675,8.561549,4.43669675,5.2446575,9.0
315,I,0.95,0.725,0.2375,8.5331995,3.345241,1.88524175,2.551455,7.0
316,M,1.4125,1.1,0.375,26.988724,11.75086775,5.42892925,7.2291225,9.0
317,M,1.4375,1.1625,0.45,29.7386255,13.11164375,6.5487345,9.02931575,11.0
318,F,1.5,1.175,0.4,32.13415825,14.13222575,7.27164675,8.9300925,15.0
319,F,1.5375,1.175,0.4,30.220567,13.93377925,6.406987,8.1363065,12.0
320,F,1.6,1.1875,0.4125,33.339012,15.1102835,7.6827145,8.9300925,11.0
321,F,1.6875,1.3125,0.5375,49.32813,14.344847,8.60407325,17.0097,19.0
322,M,1.5875,1.275,0.4375,36.457457,14.2030995,8.46232575,11.623295,18.0
323,F,0.675,0.4875,0.15,3.92640575,1.6726205,0.89300925,0.850485,15.0
324,F,1.5125,1.0875,0.4,26.46425825,9.8372765,3.81300775,9.2135875,15.0
325,F,1.45,1.125,0.4375,24.67823975,11.26892625,5.79747275,7.7961125,10.0
326,I,1.2375,0.95,0.35,14.7133905,6.67630725,2.56562975,4.40834725,9.0
327,F,1.4875,1.2,0.375,34.7848365,14.968536,8.391452,9.7805775,11.0
328,F,1.4875,1.1625,0.3625,31.26406125,15.46465225,7.29999625,7.087375,9.0
329,M,1.625,1.2625,0.4375,36.55668025,13.5227115,7.2858215,11.623295,13.0
330,M,1.75,1.4375,0.5,50.6605565,23.6151335,11.60912025,14.2030995,11.0
331,M,1.4125,1.1125,0.4,24.8058125,11.4815475,6.22271525,7.2291225,8.0
332,F,1.3,1.0875,0.375,26.2799865,7.93786,5.499803,7.087375,10.0
333,M,1.6625,1.25,0.5,36.7126025,16.726205,8.1363065,9.7805775,14.0
334,M,1.5125,1.125,0.4125,29.937072,13.08329425,7.38504475,8.6465975,10.0
335,I,0.9625,0.7,0.25,7.1157245,3.30271675,1.984465,2.05533875,7.0
336,F,1.2125,0.925,0.3125,14.571643,5.88252125,3.7137845,4.252425,10.0
337,M,1.2125,0.9875,0.3,18.71067,8.66077225,3.52951275,4.819415,8.0
338,M,1.425,1.0625,0.375,26.32251075,10.47514025,5.57067675,7.7961125,10.0
339,M,1.7,1.275,0.45,50.745605,20.73765925,12.94154675,14.10387625,12.0
340,M,1.4,1.1125,0.3625,24.9192105,9.48290775,5.5281525,7.2291225,10.0
341,I,0.95,0.675,0.25,7.95203475,3.44446425,1.7293195,2.4097075,6.0
342,M,1.5125,1.2375,0.4375,36.967748,16.4143605,7.01650125,9.05766525,10.0
343,M,1.4625,1.1625,0.4,27.22969475,10.81533425,6.16601625,8.06543275,11.0
344,M,1.65,1.3125,0.425,38.8104655,17.78931125,7.52679225,9.02931575,9.0
345,I,1.325,1.05,0.3875,20.638436,8.561549,4.18155125,5.386405,9.0
346,F,1.175,0.9125,0.3,13.53688625,6.08096775,2.99087225,4.9611625,7.0
347,M,1.2125,0.925,0.3,15.74814725,7.087375,3.01922175,4.139027,8.0
348,M,1.8,1.375,0.4375,60.96559975,30.46153775,10.602713,14.74174,11.0
349,I,1.125,0.85,0.3125,13.53688625,6.6621325,2.48058125,3.33106625,7.0
350,I,1.0875,0.85,0.2375,9.65300475,4.0539785,1.88524175,2.778251,7.0
351,M,1.675,1.2875,0.375,34.6147395,15.37960375,7.4559185,9.355335,10.0
352,F,1.575,1.2,0.45,33.57998275,12.20445975,7.75358825,12.0485375,13.0
353,F,1.525,1.2125,0.425,32.98464325,13.82038125,6.3219385,8.6465975,12.0
354,M,1.7625,1.35,0.4625,44.55123925,19.5895045,8.88756825,13.60776,11.0
355,F,1.5125,1.1875,0.4125,31.467945,10.73028575,7.24329725,10.489315,17.0
356,M,1.65,1.325,0.4125,43.87085125,17.8318355,8.901743,11.3398,10.0
357,I,1.325,1.0625,0.325,21.04950375,10.035723,3.95475525,5.8116475,8.0
358,I,1.125,0.8375,0.275,11.43902325,4.9611625,2.14038725,3.8271825,9.0
359,M,1.4,1.1,0.4125,24.153774,11.1413535,6.90310325,7.654365,9.0
360,I,1.0125,0.8125,0.275,9.8372765,3.515338,2.5231055,2.83495,10.0
361,M,0.7875,0.6125,0.1875,4.649318,1.20485375,0.86465975,1.13398,5.0
362,F,1.8,1.5,0.575,60.6962795,28.27862625,14.4298955,16.3009625,11.0
363,M,1.2125,0.975,0.325,18.01610725,6.05261825,3.7704835,5.386405,18.0
364,F,1.175,0.8875,0.3125,13.0124205,5.42892925,2.83495,3.685435,12.0
365,M,1.375,1.0875,0.3375,23.7285315,11.97766375,4.66349275,5.6699,11.0
366,M,1.6,1.3125,0.4375,36.69842775,17.10892325,8.43397625,10.02154825,12.0
367,F,1.425,1.1,0.35,23.85610425,9.412034,6.98815175,6.0951425,11.0
368,M,1.3,1.1,0.3375,24.28134675,10.19164525,4.86193925,7.7961125,9.0
369,F,1.6,1.3125,0.4625,44.15434625,18.01610725,9.6104805,10.546014,10.0
370,F,1.25,0.95,0.3375,17.2648455,7.1724235,4.23825025,5.953395,9.0
371,M,1.2,0.925,0.3125,14.2030995,5.953395,3.231843,4.252425,9.0
372,M,1.6125,1.25,0.375,37.931631,16.6411565,7.3992195,9.4970825,10.0
373,M,1.35,1.1125,0.3125,22.92057075,9.62465525,5.17378375,6.6621325,10.0
374,I,1.0375,0.775,0.225,10.39009175,4.422522,1.80019325,2.9766975,7.0
375,F,1.35,1.0125,0.325,21.035329,11.396499,4.86193925,5.48562825,9.0
376,I,0.925,0.725,0.2375,7.0590255,3.061746,1.88524175,1.984465,9.0
377,M,1.55,1.2125,0.425,37.32211675,16.59863225,9.241937,10.0640725,11.0
378,F,1.35,1.0375,0.35,23.09066775,11.49572225,4.479221,5.5281525,9.0
379,F,1.3,1.0125,0.35,18.27125275,7.66853975,4.1106775,6.3786375,10.0
380,M,1.5625,1.1375,0.4375,32.07745925,14.401546,7.86698625,8.46232575,10.0
381,M,1.5375,1.175,0.4125,28.066005,12.26115875,6.13766675,8.3631025,10.0
382,I,1.0625,0.775,0.25,10.8011595,5.3013565,2.4664065,2.324659,8.0
383,M,1.525,1.2125,0.4125,30.34813975,11.15552825,9.241937,8.0796075,9.0
384,M,1.5375,1.175,0.375,30.674159,13.08329425,5.5281525,8.9300925,12.0
385,F,1.6375,1.3375,0.5,40.25629,14.72756525,8.1363065,12.757275,17.0
386,F,1.3125,0.9375,0.3125,14.17475,6.406987,2.6932025,4.40834725,8.0
387,M,1.4375,1.125,0.3625,27.0170735,11.453198,4.649318,7.93786,14.0
388,F,1.45,1.2,0.4375,32.0065855,12.984071,6.973977,11.7650425,13.0
389,F,0.9375,0.6875,0.225,6.180191,2.65067825,1.31825175,1.984465,14.0
390,F,1.3875,1.125,0.4,23.7285315,10.489315,4.4508715,6.7755305,9.0
391,I,1.0125,0.8125,0.275,10.58853825,4.9044635,2.14038725,3.118445,7.0
392,I,1.1875,0.95,0.3125,12.47378,5.40057975,2.891649,4.3941725,8.0
393,I,0.825,0.625,0.1875,5.783298,2.50893075,1.17650425,1.13398,6.0
394,M,1.575,1.225,0.4375,34.9549335,16.159215,6.860579,9.355335,11.0
395,M,1.4625,1.1875,0.4,31.56716825,14.27397325,7.3992195,9.298636,10.0
396,F,1.5375,1.2625,0.475,32.50270175,13.67863375,7.1157245,9.4970825,11.0
397,M,1.5125,1.225,0.425,29.69610125,12.1619355,7.10154975,8.0796075,11.0
398,I,1.2625,0.95,0.3625,19.674553,7.6827145,4.06815325,5.953395,10.0
399,I,1.1,0.8375,0.3125,11.1413535,6.90310325,2.5231055,2.83495,7.0
400,M,1.6,1.3125,0.5,42.354153,18.824068,9.76640275,10.489315,13.0
401,I,1.4375,1.1375,0.375,28.8314415,13.1825175,5.71242425,7.7961125,9.0
402,F,1.2375,0.9625,0.3,18.5689225,8.60407325,3.86970675,5.2446575,8.0
403,M,1.3625,1.0375,0.375,22.5378525,8.37727725,5.386405,6.9456275,12.0
404,I,0.65,0.5,0.2,2.721552,1.0489315,0.58116475,0.850485,5.0
405,M,1.675,1.3125,0.4375,41.560367,17.16562225,8.85921875,11.32562525,10.0
406,F,1.25,1.0,0.3625,21.44639675,8.66077225,3.98310475,6.23689,13.0
407,I,1.0875,0.8125,0.275,10.64523725,4.139027,1.814368,2.9766975,8.0
408,F,1.2875,0.925,0.4125,22.963095,10.67358675,5.046211,6.4353365,8.0
409,M,1.6125,1.25,0.5125,49.69249875,17.53416575,8.561549,18.427175,16.0
410,I,1.025,0.75,0.25,8.9300925,3.92640575,1.48834875,2.551455,7.0
411,I,0.9,0.675,0.225,6.30776375,2.65067825,1.37495075,1.984465,7.0
412,M,1.45,1.1,0.375,23.71435675,11.0846545,4.77689075,6.520385,9.0
413,F,1.25,1.025,0.375,18.80989325,5.9817445,4.60679375,6.0951425,14.0
414,F,1.725,1.3125,0.475,48.7327905,18.86659225,11.07047975,11.90679,16.0
415,F,1.5875,1.275,0.4375,38.9805625,14.44407025,8.5898985,10.489315,11.0
416,M,1.45,1.1375,0.3875,28.56212125,13.25339125,6.25106475,7.5126175,10.0
417,I,0.625,0.4625,0.175,2.721552,1.0489315,0.56699,0.850485,5.0
418,I,1.2125,0.8875,0.3125,13.437663,5.59902625,3.5436875,3.8271825,10.0
419,I,1.3375,1.05,0.3625,20.184844,9.76640275,4.01145425,5.2446575,9.0
420,M,1.35,1.0375,0.3375,21.9708625,7.35669525,4.7910655,7.7961125,16.0
421,F,1.4125,1.0875,0.4375,25.741346,9.8939755,5.5848515,7.72523875,10.0
422,F,1.55,1.2625,0.4125,38.08755325,18.6256215,8.3064035,10.77281,12.0
423,M,1.6125,1.2125,0.45,32.16250775,13.947954,7.78193775,9.63883,10.0
424,M,1.375,1.075,0.3625,23.45921125,10.8011595,5.48562825,6.9456275,11.0
425,M,1.4375,1.125,0.4375,28.8314415,12.3887315,5.71242425,9.07184,11.0
426,M,1.5,1.125,0.3625,28.91649,13.53688625,6.08096775,7.37087,8.0
427,F,1.3375,1.05,0.4375,21.9708625,8.77417025,5.2446575,7.087375,13.0
428,M,1.1625,0.8875,0.2875,13.33843975,5.4147545,2.59397925,4.252425,10.0
429,M,1.625,1.2875,0.475,39.41997975,17.70426275,8.3631025,11.0846545,12.0
430,I,1.225,0.925,0.275,15.4504775,7.1724235,2.5231055,4.63514325,10.0
431,F,1.6875,1.3,0.4125,41.900561,19.731252,8.731646,11.90679,11.0
432,M,1.35,1.05,0.325,23.700182,8.3064035,4.57844425,6.80388,11.0
433,F,1.625,1.3125,0.4375,34.5013415,14.401546,7.3425205,9.355335,12.0
434,M,1.375,1.05,0.3375,23.700182,8.32057825,4.479221,8.0796075,13.0
435,F,1.625,1.2875,0.5125,38.6403685,16.48523425,7.69688925,11.1980525,10.0
436,F,1.6625,1.2625,0.4375,38.71124225,20.79435825,8.8166945,9.4970825,11.0
437,I,0.725,0.525,0.15,2.83495,1.20485375,0.6520385,0.850485,5.0
438,M,1.4375,1.1125,0.3625,27.8108595,12.23280925,4.86193925,7.654365,11.0
439,I,1.3,1.0,0.375,19.43358225,8.15048125,4.57844425,5.6982495,9.0
440,F,1.625,1.25,0.4125,35.62114675,16.68368075,8.0229085,9.07184,10.0
441,I,0.6875,0.5,0.1375,3.07592075,1.54504775,0.4819415,0.8788345,7.0
442,M,1.175,0.9125,0.3125,14.61416725,6.08096775,3.4869885,4.32329875,8.0
443,F,1.6125,1.25,0.4375,36.61337925,16.25843825,8.66077225,10.489315,10.0
444,I,0.825,0.6625,0.2125,5.9817445,2.26796,1.077281,1.8427175,8.0
445,F,1.3375,1.025,0.4125,21.64484325,8.94426725,4.7343665,6.9456275,12.0
446,I,1.225,0.9625,0.325,17.50581625,9.87980075,4.082328,4.3941725,8.0
447,M,1.375,1.0625,0.3375,22.89222125,8.46232575,4.60679375,7.654365,10.0
448,I,0.675,0.4875,0.175,2.08368825,0.793786,0.56699,0.7087375,5.0
449,M,1.4875,1.1,0.375,30.5324115,13.99047825,6.10931725,8.50485,11.0
450,M,1.85,1.425,0.525,62.21297775,29.66775175,13.67863375,17.7184375,11.0
451,M,1.45,1.125,0.35,24.73493875,11.15552825,5.88252125,6.80388,8.0
452,M,1.475,1.2375,0.425,31.59551775,13.13999325,6.61960825,9.07184,12.0
453,M,1.5625,1.2125,0.4375,36.78347625,17.10892325,8.561549,8.50485,14.0
454,F,1.15,0.8875,0.3,14.571643,6.6621325,3.6003865,5.08873525,11.0
455,M,1.2875,1.0,0.375,21.885814,9.42620875,4.60679375,7.654365,8.0
456,M,1.2875,1.0,0.3875,20.96445525,8.6465975,5.0745605,7.824462,10.0
457,M,1.5125,1.225,0.3875,31.18445,13.891255,7.10154975,8.29222875,11.0
458,M,1.25,0.9875,0.3125,17.19397175,7.10154975,2.891649,5.5281525,10.0
459,M,1.4,1.125,0.4125,25.51455,10.47514025,5.54232725,7.7961125,10.0
460,M,1.0125,0.7625,0.2625,8.901743,3.55786225,1.99863975,2.83495,7.0
461,M,1.6875,1.3125,0.4375,38.215126,13.65028425,8.83086925,10.56018875,16.0
462,I,1.25,0.95,0.3375,15.87572,7.41339425,3.01922175,4.80524025,8.0
463,F,1.625,1.3125,0.5125,44.338618,19.220961,11.43902325,11.056305,11.0
464,F,1.2875,0.975,0.325,18.86659225,7.087375,4.0539785,5.20213325,10.0
465,F,1.55,1.2125,0.4375,32.16250775,14.4298955,6.4353365,11.056305,9.0
466,M,1.6,1.2875,0.4375,50.4337605,14.74174,10.39009175,14.17475,17.0
467,F,1.3125,1.0375,0.3875,22.963095,9.8372765,3.98310475,6.747181,12.0
468,M,1.8,1.4375,0.475,61.6034635,31.6096925,11.850091,14.21727425,11.0
469,F,1.2375,0.95,0.3625,18.80989325,7.01650125,4.06815325,4.876114,10.0
470,F,1.5875,1.25,0.4125,38.11590275,16.54193325,8.85921875,10.489315,9.0
471,I,1.0625,0.8375,0.2625,9.70970375,3.912231,2.324659,2.83495,7.0
472,F,1.3875,1.0625,0.3625,24.720764,7.3425205,5.40057975,8.0796075,12.0
473,I,1.3,0.975,0.3,16.9813505,6.2652395,3.27436725,5.6699,11.0
474,F,1.1,0.85,0.2625,12.68640125,5.9817445,3.1467945,3.40194,7.0
475,M,1.525,1.175,0.35,31.1561005,13.4660125,6.010094,8.788345,10.0
476,I,1.325,0.9875,0.325,14.13222575,6.747181,3.2601925,4.3941725,9.0
477,F,1.625,1.3125,0.5125,40.993377,16.386011,8.731646,12.757275,14.0
478,M,1.675,1.35,0.5,38.90968875,14.401546,8.20718025,12.6155275,11.0
479,I,0.8375,0.625,0.225,5.7549485,2.041164,1.54504775,1.5592225,7.0
480,M,1.225,0.9125,0.3125,17.2648455,7.3992195,3.69960975,4.6776675,9.0
481,M,1.2875,1.0,0.3375,20.70930975,7.9095105,4.422522,5.386405,10.0
482,I,1.3,1.0625,0.3125,19.74542675,8.164656,3.8838815,5.8116475,8.0
483,F,1.5625,1.2125,0.425,36.61337925,17.8885345,8.561549,10.149121,11.0
484,M,1.575,1.225,0.475,38.96638775,16.51358375,7.767763,10.0640725,11.0
485,I,1.2375,0.9625,0.2875,15.932419,7.0590255,3.52951275,4.53592,8.0
486,F,1.575,1.3125,0.45,38.22930075,12.757275,7.24329725,13.891255,15.0
487,M,1.85,1.4375,0.575,52.29065275,26.932025,13.19669225,14.21727425,11.0
488,I,0.425,0.3,0.075,0.623689,0.3118445,0.21262125,0.283495,5.0
489,F,1.4875,1.2,0.4125,35.777069,15.6772735,7.66853975,11.226402,12.0
490,I,1.1,0.825,0.275,12.6722265,4.80524025,2.5231055,3.40194,8.0
491,I,1.0,0.775,0.225,7.58349125,3.288542,1.63009625,2.1262125,8.0
492,M,1.3125,1.025,0.3875,24.097075,8.09378225,5.046211,7.37087,13.0
493,F,1.5625,1.2,0.3625,27.51318975,13.437663,7.3992195,7.2291225,8.0
494,F,1.675,1.3,0.4375,36.81182575,17.42076775,7.8528115,10.6310625,11.0
495,F,1.5125,1.175,0.375,32.10580875,16.59863225,6.066793,8.221355,10.0
496,I,1.125,0.8875,0.2625,12.43125575,5.65572525,2.70737725,3.8271825,9.0
497,F,1.6375,1.3125,0.475,39.70347475,16.48523425,9.2702865,11.4815475,17.0
498,M,1.675,1.3,0.525,43.02036625,18.5689225,10.92873225,11.3398,10.0
499,F,1.5625,1.2,0.4,32.601925,12.74310025,8.85921875,9.2135875,12.0
500,I,0.575,0.3875,0.1625,1.82854275,0.8788345,0.396893,0.60951425,6.0
501,M,1.4625,1.125,0.3625,26.18076325,10.77281,6.010094,7.37087,9.0
502,F,1.4625,1.0875,0.4375,29.993771,8.46232575,6.19436575,9.4970825,15.0
503,F,1.7625,1.4375,0.475,49.31395525,27.8675585,9.25611175,12.3320325,10.0
504,I,0.8875,0.6875,0.2125,6.30776375,2.76407625,1.3891255,2.4097075,6.0
505,M,1.4875,1.175,0.4,27.9242575,12.99824575,5.5281525,6.690482,11.0
506,M,1.175,0.8875,0.2625,14.5999925,6.350288,3.16096925,4.9611625,8.0
507,M,1.3125,1.0,0.35,23.6151335,10.6877615,4.53592,6.23689,9.0
508,F,1.525,1.2125,0.425,30.91512975,11.43902325,6.16601625,10.0640725,20.0
509,M,1.7875,1.4125,0.45,51.2275465,22.69377475,10.56018875,12.6155275,11.0
510,I,1.1875,0.9125,0.3125,15.12445825,6.76135575,3.10427025,4.252425,8.0
511,I,1.325,1.0625,0.4,23.51591025,10.98543125,5.51397775,6.9456275,9.0
512,M,1.425,1.0875,0.35,24.73493875,9.90815025,4.97533725,8.0796075,9.0
513,I,0.975,0.725,0.2125,7.2858215,3.2601925,1.7293195,2.16873675,7.0
514,M,1.5,1.1625,0.375,29.9654215,11.453198,6.80388,8.6465975,11.0
515,I,0.8875,0.65,0.225,6.7188315,3.061746,1.11980525,1.984465,6.0
516,M,1.7125,1.3,0.475,41.80133775,17.179797,9.7805775,11.4815475,11.0
517,F,1.45,1.15,0.3625,27.555714,11.963489,6.36446275,7.04485075,10.0
518,M,1.5625,1.225,0.375,25.2594045,11.169703,6.22271525,7.7961125,11.0
519,M,1.7375,1.375,0.5375,53.410458,26.97454925,10.41844125,12.6155275,11.0
520,I,0.8625,0.6375,0.2,5.06038575,1.63009625,0.86465975,1.417475,6.0
521,F,1.6375,1.275,0.4125,38.00250475,16.08834125,8.3064035,11.90679,10.0
522,I,0.9625,0.75,0.2375,8.15048125,4.74854125,1.77184375,2.551455,7.0
523,I,1.1625,0.875,0.275,14.78426425,6.73300625,2.8066005,3.8271825,9.0
524,M,1.4125,1.125,0.375,27.499015,13.19669225,5.54232725,7.37087,8.0
525,F,1.5625,1.225,0.4125,34.1611475,14.7133905,7.1724235,9.7805775,12.0
526,I,1.0375,0.7875,0.2625,8.00873375,3.7137845,1.94194075,2.6932025,8.0
527,M,1.3125,1.025,0.3625,19.85882475,9.525432,4.83358975,5.6699,8.0
528,F,1.6125,1.225,0.45,36.78347625,14.92601175,8.164656,10.3475675,10.0
529,F,1.5875,1.3125,0.425,41.91473575,17.8885345,8.88756825,11.056305,11.0
530,F,1.4375,1.175,0.45,27.78251,12.48795475,4.80524025,10.20582,15.0
531,I,0.85,0.65,0.225,5.1312595,2.05533875,0.94970825,1.70097,6.0
532,I,1.4,1.025,0.3875,24.437269,12.00601325,5.0745605,8.0796075,9.0
533,M,1.5,1.25,0.4125,32.31843,11.6516445,8.54737425,9.2135875,11.0
534,M,1.6125,1.2875,0.4375,43.7432785,18.18620425,9.525432,11.41067375,11.0
535,F,0.775,0.5625,0.1875,4.252425,1.71514475,1.190679,1.2757275,11.0
536,I,1.45,1.0875,0.3625,19.9863975,8.68912175,3.86970675,6.23689,10.0
537,F,1.4625,1.25,0.4,34.529691,17.50581625,6.22271525,8.50485,10.0
538,F,1.775,1.4125,0.4875,51.2275465,27.21552,13.60776,14.514944,10.0
539,M,1.2375,0.95,0.325,15.87572,6.5487345,3.55786225,4.3941725,9.0
540,I,1.3,0.95,0.3,18.71067,7.01650125,4.03980375,5.10291,9.0
541,I,1.1875,0.925,0.3125,16.34348675,6.42116175,3.572037,5.2446575,8.0
542,M,1.5,1.2625,0.4875,35.777069,14.968536,7.5693165,13.324265,10.0
543,M,1.425,1.125,0.3625,24.28134675,8.74582075,4.32329875,7.37087,10.0
544,I,0.9125,0.6625,0.2375,6.7188315,3.118445,1.14815475,2.4097075,6.0
545,F,1.4375,1.1125,0.325,20.87940675,9.241937,4.649318,6.23689,8.0
546,F,1.5125,1.225,0.375,32.16250775,13.947954,7.15824875,9.922325,10.0
547,M,1.3,1.025,0.3,16.5844575,8.15048125,3.75630875,4.252425,10.0
548,M,1.175,0.8875,0.3125,13.5794105,5.68407475,3.01922175,4.6776675,8.0
549,M,1.45,1.1,0.4125,25.0893075,11.0846545,6.123492,7.7961125,16.0
550,I,0.9375,0.7125,0.25,9.7238785,4.83358975,1.8994165,2.1262125,7.0
551,M,1.575,1.175,0.4,31.34037225,16.42853525,6.22271525,7.89533575,9.0
552,F,1.425,1.1375,0.4125,29.256684,12.6155275,6.747181,8.3631025,15.0
553,F,1.2625,1.0125,0.35,19.43358225,10.2341695,4.23825025,5.10291,8.0
554,I,0.95,0.6875,0.2125,6.2085405,2.11203775,1.48834875,1.871067,6.0
555,M,1.575,1.2,0.3125,35.81959325,14.55746825,8.88756825,8.9300925,9.0
556,M,1.3,1.025,0.3125,18.653971,7.78193775,4.60679375,5.10291,9.0
557,M,1.525,1.1875,0.425,34.302895,15.06775925,7.427569,9.2135875,9.0
558,I,0.675,0.4625,0.1625,3.61456125,1.474174,0.6520385,0.850485,5.0
559,F,1.4125,1.075,0.3625,21.432222,8.77417025,4.77689075,7.087375,13.0
560,F,1.55,1.1375,0.3875,32.5168765,15.46465225,7.314171,8.6465975,11.0
561,M,1.2125,0.9625,0.375,17.1514475,6.81805475,3.98310475,5.2446575,10.0
562,F,1.625,1.275,0.4375,43.1762885,17.33571925,5.8116475,12.643877,14.0
563,M,1.55,1.2,0.4125,31.96406125,13.96212875,6.16601625,9.4970825,10.0
564,I,1.3,1.0375,0.375,18.10115575,7.10154975,4.63514325,5.5281525,9.0
565,I,1.1875,0.9125,0.35,14.75591475,5.443104,3.01922175,5.5281525,9.0
566,M,0.9375,0.725,0.2375,7.314171,2.721552,1.6159215,2.26796,7.0
567,M,1.2875,0.9125,0.35,16.40018575,7.087375,3.69960975,4.6776675,8.0
568,I,0.4375,0.325,0.1,0.9355335,0.35436875,0.18427175,0.283495,4.0
569,M,1.3,1.075,0.35,23.700182,9.87980075,5.14543425,6.80388,11.0
570,I,1.4,1.075,0.325,24.7491135,11.8784405,5.03203625,6.9456275,9.0
571,M,1.5125,1.15,0.425,40.83745475,19.71707725,8.63242275,8.9300925,9.0
572,F,1.425,1.125,0.3875,25.61377325,11.49572225,5.20213325,6.87475375,10.0
573,F,1.1875,0.9,0.2625,13.947954,5.499803,2.9199985,4.9611625,11.0
574,I,0.975,0.75,0.2375,7.9662095,4.46504625,1.17650425,2.1829115,6.0
575,I,0.45,0.3375,0.1125,0.9922325,0.2551455,0.226796,0.2551455,5.0
576,M,1.425,1.0875,0.3875,24.79163775,10.6310625,5.40057975,6.80388,11.0
577,M,1.525,1.2125,0.45,32.375129,11.5382465,8.0796075,10.20582,10.0
578,F,1.375,1.05,0.3875,24.4089195,9.48290775,5.4714535,7.7961125,10.0
579,I,0.875,0.6625,0.225,5.25883225,2.05533875,1.17650425,1.70097,6.0
580,I,1.175,0.9375,0.3125,15.43630275,6.860579,3.89805625,4.252425,8.0
581,M,1.6375,1.3125,0.475,40.69570725,16.4710595,8.391452,12.6155275,11.0
582,M,1.45,1.05,0.325,23.6151335,9.525432,5.6699,4.9611625,10.0
583,F,1.575,1.2125,0.4875,38.51279575,14.4298955,9.525432,12.40290625,18.0
584,I,0.925,0.7125,0.225,7.55514175,3.5436875,1.43164975,2.1262125,7.0
585,M,1.55,1.25,0.4125,34.132798,13.62193475,7.314171,10.0640725,10.0
586,M,1.65,1.325,0.5,44.8772585,20.8368825,10.6310625,10.546014,11.0
587,M,1.5125,1.1875,0.4125,27.76833525,11.736693,4.26659975,8.221355,9.0
588,M,1.1625,0.9125,0.2625,13.8062065,6.70465675,2.70737725,3.21766825,8.0
589,F,1.525,1.1375,0.4125,32.24755625,14.84096325,6.973977,8.3631025,8.0
590,M,1.5,1.175,0.375,26.46425825,11.32562525,7.0023265,8.788345,9.0
591,M,1.5125,1.1875,0.3625,26.01066625,11.41067375,6.56290925,7.597666,12.0
592,I,1.25,0.9375,0.35,16.23008875,6.7188315,3.0333965,4.9611625,8.0
593,I,0.6375,0.45,0.1375,2.31048425,0.94970825,0.4252425,0.56699,5.0
594,F,1.325,1.0625,0.375,21.0069795,7.10154975,4.89028875,6.70465675,9.0
595,I,1.4375,1.0875,0.3,20.28406725,8.9300925,4.77689075,6.6621325,12.0
596,I,0.9375,0.6875,0.25,7.824462,2.84912475,1.63009625,2.4097075,14.0
597,F,1.4125,1.1125,0.325,27.8675585,9.28446125,5.34388075,9.07184,10.0
598,M,1.2125,0.95,0.3125,17.08057375,8.29222875,4.5075705,4.9611625,9.0
599,M,1.55,1.3,0.5,38.11590275,16.79707875,7.52679225,11.623295,12.0
600,F,1.6125,1.225,0.375,32.16250775,13.93377925,5.59902625,9.752228,10.0
601,F,1.5,1.175,0.45,32.6869735,12.0485375,7.2858215,10.20582,18.0
602,M,1.3125,1.0,0.3125,20.6100865,9.015141,4.252425,4.9611625,8.0
603,F,1.475,1.1375,0.3875,29.8520235,12.60135275,6.4353365,8.3631025,12.0
604,I,1.1375,0.8625,0.3,12.757275,5.159609,2.2963095,3.5436875,9.0
605,F,1.4125,1.1,0.35,23.51591025,9.87980075,5.40057975,6.7755305,11.0
606,M,1.425,1.125,0.4,24.73493875,10.9145575,5.556502,7.2291225,11.0
607,I,0.8375,0.625,0.2125,5.25883225,2.11203775,1.17650425,1.70097,7.0
608,F,1.2875,1.0375,0.35,22.9914445,8.66077225,5.6699,7.37087,16.0
609,I,0.925,0.6875,0.2375,6.123492,2.50893075,1.4458245,1.984465,9.0
610,F,1.5625,1.2375,0.3875,35.98969025,15.592225,7.3425205,9.4970825,12.0
611,M,1.625,1.3125,0.475,42.33997825,14.92601175,9.17106325,12.8990225,17.0
612,F,1.25,0.9375,0.3125,16.839603,6.747181,3.61456125,5.10291,13.0
613,I,0.9375,0.725,0.2125,6.98815175,2.2963095,1.37495075,1.984465,6.0
614,F,1.675,1.2875,0.4125,34.06192425,15.8473705,7.41339425,10.81533425,15.0
615,F,1.2125,0.9125,0.375,16.45688475,7.10154975,3.30271675,4.252425,8.0
616,I,1.125,0.875,0.25,13.05494475,6.76135575,2.324659,3.78465825,8.0
617,M,1.7,1.4125,0.5,50.6605565,23.23241525,11.623295,13.04077,11.0
618,M,1.0875,0.875,0.275,13.90542975,5.59902625,2.48058125,3.685435,9.0
619,I,1.325,1.0375,0.3625,17.08057375,8.34892775,3.98310475,5.783298,9.0
620,M,1.5875,1.2875,0.4625,36.58502975,13.50853675,8.107957,9.355335,13.0
621,F,1.1375,0.8875,0.2875,12.813974,5.99591925,2.8066005,3.685435,9.0
622,F,1.425,1.15,0.35,24.28134675,12.37455675,5.14543425,6.80388,9.0
623,F,1.6125,1.2875,0.4375,39.3774555,17.6050395,8.43397625,11.90679,13.0
624,F,1.4,1.0875,0.4,26.12406425,8.77417025,6.13766675,8.3631025,16.0
625,F,1.5875,1.25,0.45,34.8415355,15.52135125,7.427569,10.489315,11.0
626,I,0.7375,0.55,0.175,3.38776525,1.5592225,0.80796075,0.9922325,6.0
627,F,1.1375,0.85,0.2875,12.643877,5.10291,2.79242575,3.8271825,9.0
628,I,1.15,0.8875,0.3125,14.69921575,6.33611325,2.67902775,4.53592,8.0
629,M,1.4375,1.1875,0.4625,31.22697425,14.04717725,5.783298,8.9300925,10.0
630,F,1.6,1.25,0.4125,33.77842925,14.004653,7.27164675,9.07184,11.0
631,F,1.225,0.975,0.3125,18.69649525,6.70465675,4.57844425,5.6699,9.0
632,I,0.675,0.5,0.1625,3.3168915,1.34660125,0.4819415,0.9922325,6.0
633,M,1.425,1.05,0.3375,22.1976585,9.90815025,4.8477645,7.7961125,11.0
634,M,1.6625,1.3625,0.475,45.5576465,16.96717575,9.015141,14.0330025,11.0
635,I,1.0125,0.75,0.225,8.674947,3.2601925,1.74349425,2.31048425,7.0
636,M,1.475,1.1125,0.4,25.64212275,11.169703,6.2085405,6.9456275,9.0
637,M,1.5625,1.3,0.5125,38.71124225,13.60776,8.83086925,11.3398,22.0
638,F,1.35,0.975,0.35,16.9813505,7.0023265,3.231843,4.479221,8.0
639,M,1.3875,1.1,0.3625,24.38057,11.679994,4.49339575,7.5126175,9.0
640,M,1.25,1.0125,0.35,19.6462035,8.278054,4.9044635,5.2446575,6.0
641,F,1.275,0.975,0.3375,17.84601025,6.36446275,4.06815325,6.0951425,10.0
642,M,1.4375,1.125,0.3625,28.76056775,14.75591475,5.88252125,6.860579,9.0
643,M,1.45,1.15,0.3875,26.988724,10.489315,6.95980225,6.70465675,12.0
644,M,1.4125,1.1,0.4,26.308336,12.3887315,5.99591925,7.98038425,9.0
645,M,1.225,0.975,0.4,19.050864,6.67630725,3.89805625,6.23689,14.0
646,I,1.1125,0.8625,0.3125,11.77921725,4.60679375,2.551455,3.8271825,9.0
647,M,1.6375,1.2875,0.4875,42.297454,19.94387325,9.53960675,10.61688775,11.0
648,I,1.1,0.8125,0.225,11.80756675,5.2446575,2.33883375,2.9766975,6.0
649,F,1.5125,1.175,0.425,36.230661,17.61921425,8.2497045,8.74582075,9.0
650,M,1.675,1.2875,0.4,35.777069,13.99047825,7.66853975,11.1980525,14.0
651,M,1.5125,1.1875,0.3625,27.839209,10.0073735,5.59902625,8.221355,12.0
652,F,1.6375,1.35,0.425,38.20095125,17.08057375,7.9662095,10.0640725,9.0
653,M,1.75,1.4375,0.4375,35.3518265,16.612807,7.881161,11.7650425,12.0
654,I,0.9,0.675,0.225,6.13766675,2.721552,1.48834875,1.871067,5.0
655,F,1.45,1.1375,0.3625,28.36367475,12.71475075,6.22271525,7.5126175,10.0
656,I,1.25,1.025,0.4125,19.80212575,9.76640275,4.60679375,6.293589,8.0
657,F,1.6875,1.35,0.5,41.900561,17.08057375,7.3425205,12.190285,12.0
658,I,1.1125,0.825,0.3125,11.283101,4.479221,2.67902775,3.38776525,8.0
659,I,0.5375,0.3625,0.15,1.45999925,0.35436875,0.18427175,0.283495,6.0
660,M,1.4,1.1,0.3875,24.39474475,10.41844125,5.68407475,8.3631025,10.0
661,M,1.6,1.375,0.475,44.21104525,20.638436,10.8578585,11.3681495,11.0
662,M,1.55,1.2125,0.4,35.777069,16.54193325,7.6827145,9.922325,10.0
663,F,1.675,1.2875,0.475,39.2640575,15.1669825,9.5537815,10.716111,10.0
664,F,1.6625,1.3,0.5125,37.37881575,17.2648455,7.5693165,12.0485375,10.0
665,I,0.95,0.7,0.25,6.13766675,2.721552,1.0489315,2.26796,10.0
666,M,1.3375,1.075,0.325,21.8007655,8.46232575,5.51397775,6.19436575,10.0
667,M,1.6625,1.35,0.4875,48.839603,16.96717575,10.24834425,13.04077,11.0
668,I,0.95,0.725,0.2375,9.93649975,3.458639,1.88524175,2.551455,7.0
669,M,1.4875,1.1875,0.3625,27.03124825,12.11941125,6.5487345,8.3631025,10.0
670,I,1.0375,0.775,0.25,8.5331995,3.92640575,1.88524175,2.26796,7.0
671,I,1.2,0.9375,0.3,16.45688475,7.540967,3.64291075,4.7910655,8.0
672,F,1.225,0.975,0.3125,15.43630275,6.6054335,3.72795925,4.0539785,6.0
673,M,1.625,1.275,0.4375,41.560367,17.39241825,7.2858215,11.3398,10.0
674,F,1.4125,1.1,0.3125,26.138239,11.793392,5.0745605,7.37087,17.0
675,F,1.5625,1.3625,0.3625,29.6819265,13.154168,6.93145275,6.0951425,10.0
676,I,0.875,0.6375,0.25,5.6699,2.324659,1.48834875,1.70097,7.0
677,I,0.5125,0.3875,0.1,1.360776,0.5386405,0.340194,0.3118445,4.0
678,F,1.5625,1.2875,0.4125,34.77842925,14.78426425,8.60407325,9.355335,9.0
679,M,1.425,1.0875,0.325,23.85610425,11.7083435,4.89028875,6.0951425,9.0
680,F,1.45,1.1,0.375,23.62930825,11.35397475,5.59902625,6.9456275,12.0
681,M,1.25,0.9375,0.3,14.5432935,6.73300625,3.8838815,4.9611625,9.0
682,I,1.0625,0.8375,0.2625,10.44679075,4.252425,2.25378525,2.9766975,7.0
683,F,1.525,1.2125,0.475,42.82191975,16.51358375,7.257472,11.056305,17.0
684,M,1.4625,1.0875,0.375,29.1149365,15.1669825,6.23689,6.3786375,9.0
685,I,1.175,0.9125,0.3125,15.705623,7.314171,3.345241,3.4869885,8.0
686,M,1.425,1.125,0.3625,24.47979325,13.3526145,5.74077375,6.917278,8.0
687,M,1.45,1.15,0.3625,25.16018125,10.24834425,5.42892925,8.221355,9.0
688,M,1.4125,1.1,0.325,23.71435675,11.283101,6.1518415,6.23689,9.0
689,F,1.4125,1.125,0.375,28.64716975,12.417081,5.93922025,9.128539,10.0
690,F,1.475,1.05,0.3375,29.596878,11.0846545,7.314171,8.788345,11.0
691,F,1.575,1.225,0.4125,32.16250775,12.65805175,7.10154975,8.334753,11.0
692,F,1.625,1.275,0.45,43.02036625,18.8524175,10.56018875,12.190285,15.0
693,F,1.475,1.1875,0.4,27.612413,7.654365,5.8683465,9.4970825,16.0
694,F,1.3375,1.0375,0.4,18.6256215,8.164656,4.3941725,5.5281525,8.0
695,F,1.8,1.4125,0.475,50.56133325,21.98503725,11.07047975,12.85649825,13.0
696,I,1.4,1.0375,0.3625,22.29688175,10.7444605,4.89028875,7.37087,10.0
697,I,1.0375,0.8125,0.275,10.432616,4.46504625,2.25378525,2.9766975,8.0
698,I,0.8375,0.65,0.2125,5.71242425,2.67902775,1.1623295,1.70097,6.0
699,I,0.5625,0.4,0.125,1.06310625,0.46776675,0.18427175,0.4252425,4.0
700,F,1.6125,1.3,0.4,37.194544,15.762322,7.18659825,10.77281,11.0
701,M,1.35,1.0375,0.3875,23.85610425,8.164656,4.32329875,7.2291225,10.0
702,I,0.75,0.575,0.225,6.1518415,2.6932025,1.13398,1.70097,7.0
703,I,1.1,0.8875,0.3125,12.984071,5.443104,2.36718325,3.96893,8.0
704,F,1.5125,1.175,0.4375,42.2124055,11.9351395,8.3064035,10.77281,14.0
705,M,1.625,1.25,0.4,39.405805,20.53921275,8.34892775,9.17106325,11.0
706,M,1.275,1.0,0.35,18.257078,6.80388,3.96893,5.5281525,10.0
707,M,1.475,1.1375,0.375,33.40988575,10.5176645,6.25106475,9.07184,21.0
708,M,1.225,0.9875,0.25,14.64251675,6.81805475,3.061746,3.9405805,13.0
709,I,1.2375,0.9375,0.3,17.90270925,7.83863675,3.84135725,5.386405,8.0
710,F,1.55,1.2125,0.4125,35.210079,14.5999925,8.5331995,9.355335,10.0
711,M,1.2875,1.0,0.3375,20.19901875,8.20718025,3.9972795,4.9611625,9.0
712,F,1.4125,1.125,0.35,24.6357155,10.19164525,6.13766675,8.3631025,9.0
713,I,1.4375,1.075,0.3125,20.9502805,9.42620875,4.89028875,6.23689,8.0
714,M,1.4375,1.1,0.4125,30.0221205,9.8372765,4.86193925,11.056305,14.0
715,M,1.675,1.3125,0.4125,37.74735925,16.20173925,10.24834425,11.90679,10.0
716,M,1.475,1.1125,0.3625,26.54930675,12.303683,4.6209685,7.93786,11.0
717,I,1.175,0.875,0.3,15.71979775,7.3992195,3.18931875,4.1673765,8.0
718,I,1.175,0.8875,0.3125,13.891255,5.82582225,2.9766975,4.23825025,9.0
719,F,1.0875,0.8625,0.2625,11.66581925,4.706017,2.67902775,3.8271825,11.0
720,F,1.4875,1.1375,0.4,28.56212125,11.0846545,6.1518415,9.2135875,16.0
721,M,1.425,1.1625,0.3875,26.308336,11.80756675,5.499803,7.37087,9.0
722,I,1.4375,1.05,0.35,23.88445375,9.02931575,5.4714535,7.7961125,8.0
723,F,1.025,0.7625,0.3875,9.3836845,4.63514325,1.74349425,2.83495,21.0
724,M,0.9875,0.7875,0.25,8.46232575,3.24601775,1.63009625,2.6932025,15.0
725,F,1.625,1.25,0.475,38.76794125,18.75319425,7.24329725,12.54465375,11.0
726,F,1.6125,1.2125,0.425,38.51279575,16.93882625,8.164656,9.07184,9.0
727,M,1.4125,1.0975,0.4,25.58542375,8.788345,5.6699,7.7961125,14.0
728,I,0.975,0.75,0.225,8.23552975,3.44446425,1.40330025,2.26796,6.0
729,M,1.6125,1.2375,0.475,36.570855,13.6928085,7.15824875,11.056305,15.0
730,F,1.525,1.1375,0.4625,32.431828,14.89766225,6.19436575,7.7961125,15.0
731,M,1.4,1.125,0.35,26.46425825,12.0485375,4.55009475,6.6621325,10.0
732,M,0.9125,0.675,0.2375,6.56290925,2.62232875,1.74349425,1.984465,9.0
733,F,1.425,1.1,0.3375,23.11901725,10.829509,4.86193925,6.9456275,9.0
734,M,1.4125,1.075,0.35,24.67823975,12.417081,5.953395,6.23689,8.0
735,M,0.9625,0.7,0.25,8.901743,3.458639,1.80019325,2.39553275,9.0
736,F,1.4625,1.1375,0.4,25.287754,11.41067375,6.3786375,7.93786,9.0
737,M,1.2625,1.0,0.375,19.1926115,8.0796075,3.7137845,5.953395,11.0
738,I,1.1875,0.9625,0.35,18.71067,7.72523875,3.75630875,6.80388,12.0
739,F,1.4375,1.1,0.35,24.153774,12.47378,4.89028875,7.654365,12.0
740,M,1.525,1.175,0.375,30.1922175,13.721158,6.22271525,8.6465975,9.0
741,M,1.475,1.225,0.4125,34.62891425,14.4298955,6.747181,9.63883,11.0
742,I,0.8375,0.65,0.225,5.10291,2.6365035,1.14815475,1.5592225,6.0
743,I,0.95,0.7125,0.2125,7.994559,3.55786225,1.28990225,1.757669,6.0
744,M,1.6625,1.2375,0.425,34.91240925,14.685041,8.164656,9.355335,10.0
745,F,1.175,0.9375,0.3125,14.17475,6.860579,4.26659975,4.3941725,8.0
746,I,0.7,0.5,0.2125,2.83495,1.09145575,0.60951425,0.850485,5.0
747,F,1.175,0.925,0.325,14.968536,6.2085405,2.8066005,4.252425,10.0
748,M,1.3,1.0125,0.3125,16.782904,6.7755305,3.41611475,5.2446575,10.0
749,I,1.1125,0.875,0.275,14.61416725,7.654365,2.90582375,3.685435,8.0
750,I,0.95,0.7,0.2375,6.53455975,2.62232875,1.65844575,2.1262125,7.0
751,F,1.4125,1.1,0.4,24.62154075,10.9145575,4.91863825,6.3786375,10.0
752,M,1.475,1.1875,0.3875,24.834162,10.81533425,5.386405,7.767763,10.0
753,I,1.25,0.9625,0.3,16.40018575,7.7961125,3.4869885,4.53592,7.0
754,F,1.45,1.125,0.4125,30.83008125,13.19669225,6.90310325,8.788345,9.0
755,M,1.5,1.2375,0.3875,34.23202125,15.4504775,7.55514175,8.3631025,11.0
756,I,0.9125,0.6625,0.2,5.31553125,2.19708625,1.2757275,1.8427175,6.0
757,I,1.175,0.9,0.3125,14.61416725,6.27941425,3.3168915,3.96893,9.0
758,I,0.975,0.75,0.2375,7.257472,3.855532,1.77184375,2.4097075,8.0
759,M,1.6625,1.2625,0.4125,37.32211675,17.463292,7.3992195,9.4970825,9.0
760,I,0.9,0.6625,0.225,6.19436575,2.82077525,1.0489315,1.757669,6.0
761,F,1.3875,1.1,0.35,24.22464775,8.7032965,4.80524025,8.3631025,10.0
762,I,0.4,0.3,0.0875,0.5953395,0.21262125,0.12757275,0.1417475,4.0
763,I,1.1,0.8125,0.275,12.94154675,6.0951425,2.438057,3.685435,7.0
764,M,1.4125,1.0,0.325,23.88445375,10.149121,4.60679375,6.3786375,9.0
765,M,1.6,1.2125,0.4,34.8415355,16.782904,7.15824875,8.3631025,9.0
766,M,1.1625,0.875,0.3125,15.5071765,6.27941425,2.8066005,4.9611625,10.0
767,M,1.8,1.425,0.5375,53.14113775,25.3161035,13.380964,15.30873,11.0
768,M,0.95,0.6875,0.2375,7.6260155,2.8066005,1.6159215,2.1262125,9.0
769,M,1.4875,1.2,0.5125,33.40988575,13.947954,7.0023265,11.90679,12.0
770,I,1.4125,1.15,0.4,29.937072,12.8990225,6.08096775,8.221355,10.0
771,I,0.425,0.275,0.0625,0.55281525,0.21262125,0.1417475,0.170097,4.0
772,M,1.1875,0.9375,0.3125,15.8473705,7.10154975,3.78465825,4.8477645,9.0
773,F,1.5625,1.2125,0.4,34.77066175,15.1669825,9.99319875,9.355335,9.0
774,M,1.575,1.25,0.3875,35.50774875,15.762322,7.6827145,9.979024,10.0
775,I,1.3625,1.0125,0.3,18.5689225,8.85921875,4.8477645,5.2446575,7.0
776,M,1.575,1.175,0.4125,32.13415825,16.6411565,6.56290925,8.1363065,11.0
777,M,1.5125,1.125,0.4,26.2232875,10.6877615,5.953395,7.7961125,15.0
778,I,1.225,0.95,0.3125,16.85377775,6.90310325,3.7137845,4.3941725,8.0
779,M,1.375,1.075,0.375,22.92057075,10.716111,5.59902625,6.23689,10.0
780,I,1.475,1.15,0.35,24.50814275,12.643877,5.82582225,7.200773,10.0
781,F,1.1,0.9125,0.3125,12.984071,5.96756975,3.04757125,3.685435,9.0
782,I,0.925,0.6875,0.2375,6.93145275,2.90582375,1.82854275,2.4097075,8.0
783,M,1.4125,1.1125,0.4,26.46425825,12.133586,6.36446275,6.23689,9.0
784,I,0.95,0.725,0.225,7.83863675,3.175144,1.6159215,2.26796,11.0
785,I,1.25,0.95,0.3,13.36678925,5.76912325,2.65067825,5.2446575,7.0
786,I,1.3375,1.0125,0.375,22.41027975,10.87203325,4.12485225,5.0178615,8.0
787,M,0.5875,0.4375,0.1375,1.94194075,0.793786,0.4252425,0.56699,3.0
788,F,1.525,1.2,0.4125,29.83784875,12.26115875,5.443104,9.355335,12.0
789,M,1.5625,1.225,0.3875,37.137845,16.782904,8.57572375,9.922325,10.0
790,M,1.475,1.2,0.4125,27.158821,12.85649825,6.95980225,7.5126175,10.0
791,M,1.5875,1.2625,0.475,36.570855,16.612807,8.164656,10.3475675,10.0
792,M,1.525,1.175,0.3875,33.26813825,15.705623,6.7755305,9.7805775,10.0
793,F,1.55,1.225,0.425,31.08522675,16.499409,6.973977,7.087375,10.0
794,M,1.8375,1.475,0.5125,60.66793,26.932025,11.97766375,14.21727425,11.0
795,M,1.475,1.1875,0.4,31.638042,14.16057525,6.90310325,7.654365,11.0
796,M,1.6625,1.3,0.4375,40.83745475,17.4349425,9.525432,11.1980525,14.0
797,M,1.2875,0.9875,0.3625,21.659018,5.71242425,4.592619,5.386405,14.0
798,M,1.375,1.125,0.3625,21.24795025,9.99319875,5.9250455,5.3580555,10.0
799,F,1.4,1.075,0.4,26.421734,10.2341695,6.0384435,8.15048125,9.0
800,I,0.8625,0.6375,0.2375,5.6415505,2.33883375,1.06310625,1.70097,7.0
801,I,1.3625,1.075,0.375,20.93610575,8.15048125,4.40834725,7.087375,9.0
802,M,1.4625,1.1375,0.4125,27.669112,9.31281075,5.4714535,8.6465975,23.0
803,M,1.2125,0.9625,0.3125,17.84601025,7.087375,3.6570855,5.2446575,8.0
804,I,1.45,1.1125,0.325,23.01338675,11.35397475,3.6003865,5.8116475,8.0
805,I,0.6125,0.45,0.1375,1.8994165,0.9355335,0.60951425,0.60951425,5.0
806,M,1.4,1.1,0.3625,21.885814,8.051258,5.1312595,7.087375,9.0
807,M,1.4375,1.1375,0.3875,30.03629525,12.47378,6.13766675,9.07184,10.0
808,M,1.0,0.7875,0.2375,8.845044,3.75630875,1.4458245,2.551455,14.0
809,M,1.3125,1.025,0.3125,20.0430965,8.6465975,4.40834725,5.9250455,12.0
810,I,0.4125,0.3,0.0625,0.5953395,0.21262125,0.12757275,0.1417475,4.0
811,M,1.3,1.0,0.3625,21.58814425,9.07184,4.819415,5.5281525,15.0
812,F,1.175,0.9375,0.3,16.40018575,7.824462,3.55786225,4.3941725,7.0
813,F,1.2875,1.0,0.3375,19.43358225,9.62465525,3.84135725,5.5281525,11.0
814,I,1.225,0.975,0.35,17.293195,7.6260155,3.2601925,5.10291,9.0
815,M,1.45,1.1,0.3375,24.210473,11.94931425,5.6699,6.4353365,10.0
816,F,1.6125,1.25,0.4375,38.11590275,14.04717725,8.00873375,10.9145575,13.0
817,I,1.15,0.875,0.3125,13.8062065,5.556502,2.8066005,3.5436875,8.0
818,M,1.575,1.2625,0.4,37.32211675,17.76096175,7.3992195,10.489315,9.0
819,F,1.5125,1.1875,0.375,29.7386255,12.26115875,6.5487345,8.17883075,9.0
820,F,1.175,0.9125,0.325,13.56523575,4.63514325,2.5231055,5.2446575,12.0
821,M,1.525,1.225,0.4,32.95629375,14.7133905,7.314171,8.50485,11.0
822,I,1.3375,0.975,0.3125,18.597272,9.87980075,4.8477645,4.3941725,9.0
823,F,1.425,1.125,0.475,28.973189,9.865626,6.56290925,10.6310625,12.0
824,F,1.75,1.375,0.475,51.2275465,23.28911425,10.56018875,12.190285,10.0
825,F,1.5375,1.1875,0.425,34.9549335,14.72756525,6.293589,10.3475675,10.0
826,F,1.4375,1.125,0.375,27.78251,10.432616,6.08096775,7.881161,8.0
827,M,1.55,1.2625,0.4875,38.179009,16.726205,7.27164675,12.0485375,13.0
828,I,0.8,0.6125,0.225,4.139027,1.71514475,1.190679,1.2757275,6.0
829,F,1.8,1.375,0.4875,53.070264,23.2182405,13.380964,13.60776,11.0
830,M,1.3375,1.1,0.3625,22.01338675,9.85145125,4.86193925,5.2446575,9.0
831,M,1.8,1.5,0.5125,59.1654065,25.231055,11.86426575,14.74174,11.0
832,F,1.2125,0.8875,0.3875,24.73493875,9.241937,6.13766675,7.087375,10.0
833,M,1.4,1.1375,0.3125,24.39474475,8.51902475,5.17378375,7.7961125,10.0
834,F,1.125,0.825,0.3,12.5021295,5.10291,3.458639,3.8271825,8.0
835,M,1.475,1.175,0.375,26.52095725,11.3114505,6.44951125,8.3631025,10.0
836,F,1.3375,1.0,0.425,23.7285315,7.711064,5.20213325,7.654365,17.0
837,I,0.9375,0.6875,0.2375,6.50621025,2.83495,1.63009625,1.871067,7.0
838,M,1.4625,1.125,0.375,24.8625115,11.43902325,4.876114,6.180191,9.0
839,F,1.6625,1.3125,0.5375,42.921143,15.35125425,8.71747125,17.0097,23.0
840,F,1.45,1.15,0.375,28.7180435,11.7650425,5.443104,9.922325,16.0
841,I,0.8875,0.6375,0.225,6.08096775,4.1673765,1.31825175,1.70097,6.0
842,I,0.875,0.65,0.2125,6.463686,3.345241,1.3891255,1.70097,6.0
843,M,1.575,1.25,0.4125,38.10076175,16.3009625,7.144074,8.9300925,16.0
844,F,1.5875,1.2625,0.4375,36.67007825,18.01610725,7.24329725,9.4970825,12.0
845,M,1.575,1.225,0.4125,33.3673615,13.87708025,8.278054,9.7805775,9.0
846,M,1.15,0.875,0.2875,15.77649675,6.25106475,2.70737725,4.6776675,11.0
847,F,1.6125,1.3,0.5,45.74191825,13.93377925,9.76640275,14.17475,19.0
848,M,1.55,1.2125,0.4375,36.003865,17.10892325,8.29222875,8.9300925,10.0
849,M,0.5125,0.4125,0.1,1.304077,0.43941725,0.1417475,0.1984465,5.0
850,I,0.9875,0.775,0.25,8.9867915,3.912231,2.26796,2.551455,7.0
851,F,1.525,1.225,0.4375,35.76289425,15.35125425,7.47009325,11.1980525,12.0
852,I,1.0875,0.8125,0.25,10.44679075,4.89028875,1.80019325,2.9766975,7.0
853,I,0.55,0.4,0.1125,1.54504775,0.58116475,0.41106775,0.56699,5.0
854,F,1.525,1.25,0.5125,38.68289275,11.69416875,5.1312595,11.3114505,17.0
855,I,0.7,0.5,0.1625,2.99087225,1.26155275,0.66621325,0.97805775,5.0
856,M,1.125,0.875,0.3,13.891255,6.02426875,2.891649,3.33106625,9.0
857,F,1.4,1.1375,0.35,27.0737725,12.6722265,5.42892925,8.6465975,11.0
858,M,1.55,1.225,0.425,34.8415355,14.7133905,7.257472,9.4970825,12.0
859,I,1.0625,0.8125,0.3125,10.41844125,4.80524025,2.3530085,3.40194,9.0
860,I,0.875,0.6625,0.2125,5.40057975,2.19708625,0.83631025,1.70097,5.0
861,F,1.2625,0.975,0.35,17.08057375,6.67630725,4.025629,5.6699,9.0
862,F,1.425,1.0875,0.4375,34.5013415,15.06775925,8.85921875,7.5126175,11.0
863,M,1.3375,1.05,0.3125,17.78931125,7.15824875,3.50116325,5.2446575,10.0
864,F,1.55,1.25,0.45,37.0527965,14.78426425,8.29222875,11.77921725,13.0
865,M,1.375,1.075,0.4625,23.71474725,7.824462,4.57844425,8.3631025,15.0
866,M,1.1125,0.875,0.325,13.891255,6.70465675,2.891649,3.78465825,8.0
867,F,1.525,1.1625,0.375,28.292801,12.1619355,6.010094,7.37087,12.0
868,F,1.25,0.9625,0.325,18.370476,8.051258,3.8838815,4.252425,8.0
869,F,1.625,1.3125,0.4375,39.405805,19.46193175,8.51902475,9.7805775,10.0
870,I,1.0125,0.7625,0.2375,8.5331995,3.515338,1.2757275,2.83495,7.0
871,M,1.4875,1.1375,0.375,29.766975,13.93377925,6.3219385,8.50485,10.0
872,F,1.35,1.05,0.425,21.72989175,9.695529,4.6209685,5.8116475,9.0
873,M,1.625,1.25,0.475,44.22522,21.772416,11.60912025,10.3475675,10.0
874,F,1.8125,1.425,0.5,62.3972495,30.09299425,13.62193475,35.22425375,12.0
875,I,1.425,1.125,0.375,24.45144375,11.69416875,4.4508715,7.5126175,9.0
876,F,1.175,0.9375,0.2875,13.36678925,5.499803,4.20990075,4.252425,7.0
877,I,0.7,0.525,0.125,2.48058125,0.9355335,0.60951425,0.8221355,5.0
878,F,1.5125,1.175,0.5125,33.112216,12.303683,6.7755305,11.056305,23.0
879,F,1.2875,1.0,0.3,18.71067,8.34892775,3.86970675,6.0951425,9.0
880,F,1.1,0.875,0.275,12.813974,5.1312595,2.84912475,3.685435,12.0
881,M,1.45,1.1375,0.3625,28.76056775,10.8011595,6.010094,9.0434905,15.0
882,F,1.425,1.125,0.4,26.3366855,10.77281,6.80388,7.2291225,13.0
883,M,1.4625,1.125,0.4,25.16018125,12.31785775,4.422522,6.9456275,10.0
884,I,0.6875,0.5125,0.1375,3.04757125,1.8427175,0.80796075,0.850485,7.0
885,I,0.6375,0.475,0.15,2.26796,0.737087,0.396893,0.7087375,3.0
886,I,1.1,0.875,0.275,11.7650425,5.4147545,2.4664065,3.8271825,6.0
887,I,1.1375,0.875,0.2875,12.2753335,5.34388075,2.097863,3.40194,8.0
888,F,1.3625,1.075,0.3375,22.92057075,9.87980075,5.08873525,6.3219385,8.0
889,F,1.3375,1.025,0.3625,22.89222125,8.03708325,5.6699,5.5281525,11.0
890,I,0.5,0.3875,0.1,0.97805775,0.3118445,0.21262125,0.283495,6.0
891,F,1.5125,1.175,0.375,27.612413,11.1413535,6.350288,8.788345,9.0
892,F,1.5625,1.2125,0.375,31.127751,12.303683,7.41339425,8.788345,11.0
893,M,1.0375,0.825,0.2625,9.45455825,4.09650275,2.16873675,2.6932025,11.0
894,F,1.3375,1.0375,0.375,28.81726675,13.551061,5.8683465,8.788345,10.0
895,F,1.475,1.1875,0.4125,28.81726675,12.34620725,6.066793,7.98038425,10.0
896,M,1.6125,1.3,0.45,42.2124055,17.19397175,9.015141,11.3398,10.0
897,M,0.7875,0.575,0.1875,3.6003865,1.360776,0.72291225,1.417475,9.0
898,F,1.5,1.1875,0.3875,31.90736225,14.33067225,7.257472,8.0796075,9.0
899,F,1.225,0.95,0.3125,16.45688475,7.9095105,3.58621175,5.2446575,9.0
900,F,1.7375,1.375,0.4875,51.199197,23.17571625,11.60912025,13.1825175,11.0
901,F,1.8,1.375,0.5625,55.735117,25.98231675,12.54465375,14.4865945,11.0
902,I,0.95,0.7,0.225,6.53455975,3.10427025,1.190679,1.927766,7.0
903,M,0.9875,0.725,0.25,7.83863675,3.30271675,1.63009625,2.4097075,8.0
904,I,0.925,0.675,0.2,5.1312595,2.14038725,1.51669825,1.984465,6.0
905,F,1.3,0.9875,0.3,16.71203025,7.93786,3.41611475,4.7343665,10.0
906,M,1.6375,1.2875,0.4375,34.9549335,13.834556,8.5331995,9.02931575,10.0
907,I,1.175,0.85,0.3125,13.53688625,6.80388,3.13261975,3.40194,8.0
908,M,1.575,1.225,0.3875,34.8415355,15.2803805,6.4920355,9.48290775,11.0
909,F,1.6375,1.275,0.425,41.730464,18.52639825,8.83086925,12.757275,11.0
910,M,1.475,1.1875,0.4375,34.23202125,15.06775925,6.633783,8.788345,10.0
911,M,1.5125,1.2,0.4125,31.79396425,10.5743635,6.7755305,9.07184,10.0
912,M,1.2375,0.9875,0.3625,16.726205,6.7755305,3.67126025,5.386405,11.0
913,F,1.3125,1.0,0.3375,19.97222275,9.8939755,4.23825025,5.5281525,9.0
914,M,1.475,1.2625,0.4,33.8776525,13.59358525,6.90310325,10.0640725,11.0
915,M,1.4125,1.1,0.3625,24.607366,9.525432,5.0745605,8.0796075,12.0
916,F,1.35,1.0875,0.3375,20.97863,9.42620875,4.479221,6.0951425,8.0
917,M,1.1875,0.8875,0.2875,13.33843975,6.066793,2.551455,3.96893,8.0
918,M,1.225,0.9125,0.3125,15.03940975,6.7188315,3.6003865,4.6776675,8.0
919,F,1.45,1.2,0.4125,27.14464625,12.11941125,5.556502,8.3631025,9.0
920,F,1.0625,0.8125,0.275,10.24834425,4.9611625,2.36718325,3.21766825,9.0
921,I,1.125,0.8625,0.3125,13.267566,5.88252125,3.061746,3.18931875,8.0
922,I,1.3375,1.0125,0.35,20.05727125,8.29222875,4.3374735,6.3786375,9.0
923,F,1.075,0.8375,0.2625,11.169703,4.46504625,2.96252275,3.8271825,12.0
924,I,1.1375,0.8375,0.2625,10.53183925,4.72019175,2.05533875,3.118445,9.0
925,I,1.3,0.9875,0.3,14.61416725,5.9817445,3.27436725,4.1673765,8.0
926,M,1.0125,0.775,0.25,9.19941275,4.252425,1.7293195,2.5798045,8.0
927,M,1.7625,1.35,0.4625,49.34230475,19.731252,10.61688775,13.324265,19.0
928,M,1.5625,1.25,0.475,38.782116,16.31513725,7.10154975,10.3475675,14.0
929,F,1.375,1.0875,0.35,22.792998,9.31281075,4.932813,6.633783,9.0
930,I,0.45,0.325,0.1375,0.793786,0.35436875,0.18427175,0.29766975,7.0
931,I,0.4875,0.35,0.1,0.8221355,0.340194,0.1417475,0.283495,5.0
932,I,0.725,0.525,0.175,3.5436875,1.474174,0.5386405,0.9922325,7.0
933,M,1.4375,1.1375,0.4125,28.462898,14.07552675,5.62737575,8.50485,10.0
934,F,1.2625,0.95,0.4,18.71067,8.561549,4.63514325,4.9611625,8.0
935,F,1.3,1.0,0.35,20.28406725,7.654365,4.89028875,5.2446575,9.0
936,F,1.6125,1.275,0.4375,37.1094955,14.4298955,8.2497045,11.623295,12.0
937,F,1.5375,1.175,0.475,32.6302745,10.149121,6.87475375,8.7599955,11.0
938,I,0.95,0.725,0.2375,7.2858215,3.75630875,1.43164975,2.1262125,6.0
939,M,1.325,1.05,0.3375,20.08562075,8.29222875,4.706017,6.0951425,11.0
940,I,1.0875,0.8375,0.25,11.0846545,5.443104,2.08368825,2.9199985,7.0
941,I,0.775,0.5625,0.1875,4.309124,1.97029025,1.2757275,1.2757275,5.0
942,M,1.3,1.0125,0.35,17.4349425,7.9662095,4.252425,4.9611625,10.0
943,F,1.3375,1.05,0.3375,20.28406725,7.98038425,4.35164825,5.953395,14.0
944,M,1.7,1.325,0.425,43.6865795,22.0275615,9.015141,11.3398,11.0
945,I,1.3875,1.05,0.325,21.8007655,9.25611175,4.9044635,6.463686,10.0
946,F,1.3125,1.0125,0.4,21.41804725,9.07184,4.422522,7.2291225,9.0
947,F,1.55,1.225,0.4,32.16250775,13.60776,7.654365,8.6465975,11.0
948,F,1.4125,1.1,0.425,24.9192105,9.07184,6.2652395,7.93786,12.0
949,I,1.1125,0.9,0.2875,13.56523575,5.96756975,2.45223175,3.5436875,7.0
950,M,1.6625,1.3125,0.3875,43.0628905,20.68096025,10.8578585,11.3398,11.0
951,F,1.0375,0.825,0.275,8.46232575,3.7137845,1.74349425,2.6932025,8.0
952,M,1.775,1.4125,0.5,51.29842025,26.0531905,11.60912025,13.60776,12.0
953,F,1.55,1.2,0.45,36.35823375,12.37455675,8.15048125,10.77281,17.0
954,M,1.4625,1.1875,0.375,28.76056775,12.23280925,7.07320025,8.0796075,9.0
955,F,1.4875,1.175,0.4625,31.808139,10.41844125,6.406987,10.64523725,13.0
956,F,1.45,1.0875,0.3875,27.499015,10.47514025,4.819415,9.922325,13.0
957,M,1.4875,1.15,0.3875,27.5273645,12.68640125,5.79747275,8.6465975,9.0
958,M,1.3125,1.0375,0.3125,19.901349,9.48290775,3.6570855,4.9611625,8.0
959,M,1.5375,1.225,0.425,30.4190135,13.59358525,6.78970525,8.50485,10.0
960,I,1.0375,0.8125,0.275,9.752228,4.66349275,2.11203775,2.83495,7.0
961,F,1.4875,1.2625,0.475,38.215126,11.09882925,6.747181,14.3164975,17.0
962,M,1.4375,1.125,0.4125,29.21415975,12.6155275,6.27941425,8.06543275,12.0
963,F,1.625,1.3125,0.4375,35.13920525,14.04717725,6.010094,11.7650425,16.0
964,M,1.575,1.225,0.5,44.61803225,15.8473705,6.64795775,13.324265,21.0
965,I,1.6125,1.2625,0.3875,38.96638775,18.200379,9.39785925,10.0640725,13.0
966,M,1.5625,1.2,0.4125,32.375129,14.7133905,7.04485075,8.6465975,9.0
967,F,1.525,1.2,0.425,25.95396725,11.07047975,6.7755305,6.9456275,12.0
968,F,1.2625,0.95,0.3125,16.31513725,6.9456275,3.7137845,4.649318,14.0
969,M,1.5375,1.2375,0.3875,32.16250775,12.54465375,6.19436575,9.922325,19.0
970,M,1.525,1.175,0.35,29.44095575,13.9763035,6.22271525,8.80251975,9.0
971,I,1.05,0.7625,0.2,8.8166945,3.44446425,1.77184375,2.5798045,6.0
972,M,1.575,1.2125,0.4375,35.62114675,13.5227115,7.78193775,9.79475225,14.0
973,F,1.5,1.2,0.4125,29.937072,12.6155275,6.67630725,8.788345,11.0
974,F,1.3125,1.05,0.35,19.1359125,9.87980075,4.26659975,5.9817445,9.0
975,M,1.7125,1.35,0.5125,42.807745,18.6256215,9.2135875,11.4815475,11.0
976,F,1.5625,1.2,0.5125,44.9906565,18.824068,7.89533575,13.60776,14.0
977,F,1.2125,0.975,0.325,20.36911575,7.10154975,3.98310475,6.3786375,15.0
978,F,1.5125,1.175,0.475,40.1145425,14.5999925,10.7444605,10.61688775,18.0
979,M,1.4125,1.0625,0.3625,24.777463,11.1413535,5.8683465,7.0590255,10.0
980,M,1.475,1.15,0.4125,39.745999,16.896302,7.64019025,10.9145575,14.0
981,I,0.9125,0.6875,0.225,6.39281225,2.721552,1.14815475,2.4097075,7.0
982,I,1.5125,1.1875,0.375,29.9087225,10.16329575,7.10154975,9.63883,13.0
983,F,1.8,1.3125,0.4375,42.2124055,18.6256215,10.67358675,12.190285,12.0
984,F,1.1,0.8125,0.2625,10.886208,5.10291,2.05533875,3.118445,8.0
985,I,0.575,0.4,0.1,1.31825175,0.5386405,0.4252425,0.4252425,4.0
986,M,1.3,1.0,0.35,17.2081465,7.3992195,4.0539785,4.9611625,10.0
987,F,1.25,0.975,0.325,16.839603,6.747181,3.61456125,4.9611625,13.0
988,M,1.5,1.1125,0.4,27.499015,11.60912025,6.78970525,7.7961125,9.0
989,F,1.4875,1.15,0.4375,32.772022,14.75591475,6.13766675,9.128539,14.0
990,F,1.55,1.275,0.4375,33.52328375,11.75086775,8.60407325,9.7805775,14.0
991,F,1.2125,0.9125,0.3,14.67086625,6.27941425,2.96252275,3.96893,8.0
992,I,0.925,0.6875,0.2125,6.10931725,2.721552,1.5025235,1.984465,6.0
993,M,1.3875,1.075,0.375,24.720764,12.3320325,4.5075705,5.386405,7.0
994,M,1.3875,1.1125,0.3625,24.323871,9.87980075,5.5848515,7.824462,12.0
995,M,1.4875,1.1875,0.35,24.1821235,11.94931425,5.556502,6.50621025,9.0
996,M,1.3625,1.0625,0.3375,19.66037825,8.66077225,4.72019175,5.6699,13.0
997,M,1.4875,1.1625,0.3625,26.52095725,13.6928085,4.91863825,7.1724235,10.0
998,M,1.375,1.0625,0.35,16.91047675,10.70193625,3.6570855,5.953395,9.0
999,I,1.2,0.8875,0.3125,13.8062065,5.54232725,3.345241,3.572037,7.0
